"cbsId","cbsIdCount","cbsName","cbsComment","cbsShort","cbsShortCount","cbsLong","cbsLongCount"
"GM1680","11","Aa en Hunze","","1680","5","Aa en  1680","1"
"GM0738","11","Aalburg","","0738","7","Aalbur 738","1"
"GM0358","11","Aalsmeer","","0358","7","Aalsme 358","1"
"GM0197","11","Aalten","","0197","7","Aalten 197","1"
"GM0059","11","Achtkarspelen","","0059","7","Achtka 59","1"
"GM0482","11","Alblasserdam","","0482","7","Alblas 482","1"
"GM0613","11","Albrandswaard","","0613","7","",""
"GM0361","12","Alkmaar","","0361","7","Alkmaa 361","1"
"GM0141","11","Almelo","","0141","7","Almelo 141","1"
"GM0034","13","Almere","","0034","7","Almere 34","1"
"GM0484","11","Alphen aan den Rijn","","0484","7","Alphen 484","1"
"GM1723","11","Alphen-Chaam","","1723","6","",""
"GM0060","11","Ameland","","0060","7","Amelan 60","1"
"GM0307","13","Amersfoort","","0307","7","Amersf 307","1"
"GM0362","11","Amstelveen","","0362","7","Amstel 362","1"
"GM0363S85","5","Amsterdam - Centrale Stad","","","","",""
"GM0363S56","4","Amsterdam - stadsdeel Centrum","","","","",""
"GM0363S90","4","Amsterdam - stadsdeel Nieuw-West","","","","",""
"GM0363S10","4","Amsterdam - stadsdeel Noord","","","","",""
"GM0363S88","4","Amsterdam - stadsdeel Oost","","","","",""
"GM0363S91","4","Amsterdam - stadsdeel West","","","","",""
"GM0363S89","4","Amsterdam - stadsdeel Zuid","","","","",""
"GM0363S17","4","Amsterdam - stadsdeel Zuidoost","","","","",""
"GM0200","13","Apeldoorn","","0200","7","Apeldo 200","1"
"GM0003","11","Appingedam","","0003","7","Apping 3","1"
"GM0202","13","Arnhem","","0202","7","Arnhem 202","1"
"GM0106","11","Assen","","0106","7","Assen 106","1"
"GM0743","11","Asten","","0743","7","Asten 743","1"
"GM0744","11","Baarle-Nassau","","0744","7","Baarle 744","1"
"GM0308","11","Baarn","","0308","7","Baarn 308","1"
"GM0489","11","Barendrecht","","0489","7","Barend 489","1"
"GM0203","11","Barneveld","","0203","7","Barnev 203","1"
"GM0005","11","Bedum","","0005","7","",""
"GM0888","7","Beek (L.)","Begindatum 02-01-1839","","","",""
"GM0370","11","Beemster","","0370","7","",""
"GM0889","11","Beesel","","0889","7","Beesel 889","1"
"GM0007","11","Bellingwedde","","0007","7","Bellin 7","1"
"GM0491","9","Bergambacht","","0491","7","",""
"GM1724","11","Bergeijk","","1724","4","",""
"GM0893","11","Bergen (L.)","","0893","2","Bergen 893","1"
"GM0373","11","Bergen (NH.)","","0373","2","Bergen 373","1"
"GM0748","11","Bergen op Zoom","","0748","7","Bergen 748","1"
"GM1859","7","Berkelland","Ontstaan per 01-01-2005","","","",""
"GM1721","11","Bernheze","","1721","7","Bernhe 1721","1"
"GM0568","9","Bernisse","","0568","7","",""
"GM0753","11","Best","","0753","7","Best 753","1"
"GM0209","11","Beuningen","","0209","7","",""
"GM0375","11","Beverwijk","","0375","7","Beverw 375","1"
"GM0063","7","het Bildt","","0063","7","het Bi 63","1"
"GM0310","11","De Bilt","","0310","7","De Bil 310","1"
"GM0585","11","Binnenmaas","","0585","7","",""
"GM1728","11","Bladel","","1728","6","Bladel 1728","1"
"GM0376","11","Blaricum","","0376","7","",""
"GM0377","11","Bloemendaal","","0377","7","Bloeme 377","1"
"GM0055","8","Boarnsterhim","","0055","7","Boarns 55","1"
"GM1901","6","Bodegraven-Reeuwijk","Ontstaan per 01-01-2011","","","",""
"GM0755","11","Boekel","","0755","7","",""
"GM0009","11","Ten Boer","","0009","7","",""
"GM1681","11","Borger-Odoorn","","1681","5","Borger 1681","1"
"GM0147","11","Borne","","0147","7","Borne 147","1"
"GM0654","11","Borsele","","0654","7","",""
"GM0499","8","Boskoop","","0499","7","Boskoo 499","1"
"GM0756","11","Boxmeer","","0756","7","Boxmee 756","1"
"GM0757","11","Boxtel","","0757","7","Boxtel 757","1"
"GM0758","13","Breda","","0758","7","Breda 758","1"
"GM0501","11","Brielle","","0501","7","Briell 501","1"
"GM1876","7","Bronckhorst","Ontstaan per 01-01-2005","","","",""
"GM0213","11","Brummen","","0213","7","Brumme 213","1"
"GM0899","11","Brunssum","","0899","7","Brunss 899","1"
"GM0312","11","Bunnik","","0312","7","",""
"GM0313","11","Bunschoten","","0313","7","",""
"GM0214","11","Buren","","0214","7","",""
"GM0381","10","Bussum","","0381","7","Bussum 381","1"
"GM0502","11","Capelle aan den IJssel","","0502","7","Capell 502","1"
"GM0383","11","Castricum","","0383","7","Castri 383","1"
"GM0109","11","Coevorden","","0109","7","Coevor 109","1"
"GM1706","11","Cranendonck","","1706","4","Cranen 1706","1"
"GM0611","11","Cromstrijen","","0611","7","Cromst 611","1"
"GM1684","11","Cuijk","","1684","7","Cuijk 1684","1"
"GM0216","11","Culemborg","","0216","7","Culemb 216","1"
"GM0148","11","Dalfsen","","0148","7","Dalfse 148","1"
"GM1891","7","Dantumadiel","Naamswijziging per 01-01-2009","","","",""
"GM0503","12","Delft","","0503","7","Delft 503","1"
"GM0010","11","Delfzijl","","0010","7","Delfzi 10","1"
"GM0762","11","Deurne","","0762","7","Deurne 762","1"
"GM0150","11","Deventer","","0150","7","Devent 150","1"
"GM0384","11","Diemen","","0384","7","",""
"GM1774","11","Dinkelland","Naamswijziging per 01-01-2003 oude naam: Denekamp.","","","",""
"GM0504","7","Dirksland","","0504","7","",""
"GM0221","11","Doesburg","","0221","7","Doesbu 221","1"
"GM0222","11","Doetinchem","","0222","7","Doetin 222","1"
"GM0766","11","Dongen","","0766","7","Dongen 766","1"
"GM0058","11","Dongeradeel","","0058","7","Donger 58","1"
"GM0505","13","Dordrecht","","0505","7","Dordre 505","1"
"GM0498","11","Drechterland","","0498","7","",""
"GM1719","11","Drimmelen","","1719","4","Drimme 1719","1"
"GM0303","11","Dronten","","0303","7","Dronte 303","1"
"GM0225","11","Druten","","0225","7","Druten 225","1"
"GM0226","11","Duiven","","0226","7","Duiven 226","1"
"GM1711","11","Echt-Susteren","Nieuw gevormd per 01-01-2003 uit: Echt, Susteren.","","","Echt-S 1711","1"
"GM0385","11","Edam-Volendam","","0385","7","Edam-V 385","1"
"GM0228","13","Ede","","0228","7","Ede 228","1"
"GM0317","11","Eemnes","","0317","7","",""
"GM1651","11","Eemsmond","","1651","7","Eemsmo 1651","1"
"GM0770","11","Eersel","","0770","7","Eersel 770","1"
"GM1903","6","Eijsden-Margraten","Ontstaan per 01-01-2011","","","",""
"GM0772","13","Eindhoven","","0772","7","Eindho 772","1"
"GM0230","11","Elburg","","0230","7","Elburg 230","1"
"GM0114","13","Emmen","","0114","7","Emmen 114","1"
"GM0388","11","Enkhuizen","","0388","7","Enkhui 388","1"
"GM0513","13","Enschede","","0153","7","Ensche 153","1"
"GM0232","11","Epe","","0232","7","Epe 232","1"
"GM0233","11","Ermelo","","0233","7","Ermelo 233","1"
"GM0777","11","Etten-Leur","","0777","7","Etten- 777","1"
"GM1722","11","Ferwerderadiel","","1722","4","Ferwer 1722","1"
"GM0070","11","Franekeradeel","","0070","7","Franek 70","1"
"GM0653","8","Gaasterlân-Sleat","","0653","7","Gaaste 653","1"
"GM0779","11","Geertruidenberg","","0779","7","Geertr 779","1"
"GM0236","11","Geldermalsen","","0236","7","Gelder 236","1"
"GM1771","11","Geldrop-Mierlo","Nieuw gevormd per 01-01-2004 uit: Geldrop, Mierlo.","","","",""
"GM1652","11","Gemert-Bakel","","1652","6","Gemert 1652","1"
"GM0907","11","Gennep","","0907","7","Gennep 907","1"
"GM0689","11","Giessenlanden","","0689","7","",""
"GM0784","11","Gilze en Rijen","","0784","7","Gilze  784","1"
"GM0511","7","Goedereede","","0511","7","Goeder 511","1"
"GM0664","11","Goes","","0664","7","Goes 664","1"
"GM0785","11","Goirle","","0785","7","Goirle 785","1"
"GM0512","11","Gorinchem","","0512","7","Gorinc 512","1"
"GM0513","11","Gouda","","0513","7","Gouda 513","1"
"GM0693","7","Graafstroom","","0693","7","",""
"GM0365","9","Graft-De Rijp","","0365","7","",""
"GM0786","11","Grave","","0786","7","Grave 786","1"
"GM0518","8","'s-Gravenhage (gemeente)","Grenswijziging per 01-01-2009, overgegaan naar:. <br>- Rijswijk (GM0603),. <br>... 20 hectare met 0 woningen en 0 inwoners. <br>. <br>Grenswijziging per 01-01-2005, overgegaan naar:. <br>- Leidschendam-Voorburg (GM1916),. <br>... 2 hectare met 0 woningen en 0 inwoners. <br>. <br>Grenswijziging per 01-01-2002, ontvangen van:. <br>- Leidschendam (GM0548),. <br>... 825 hectare met 2247 woningen en 7317 inwoners. <br>- Nootdorp (GM0577),. <br>... 231 hectare met 1018 woningen en 2743 inwoners. <br>- Pijnacker (GM0594),. <br>... 93 hectare met 26 woningen en 76 inwoners. <br>- Rijswijk (ZH.) (GM0603),. <br>... 363 hectare met 2166 woningen en 5887 inwoners. <br>- Voorburg (GM0624),. <br>... 1 hectare met 0 woningen en 0 inwoners. <br>. <br>Begindatum voor 1830. <br>. <br>","","","",""
"GM0241","10","Groesbeek","","0241","7","Groesb 241","1"
"GM0014","8","Groningen (gemeente)","Grenswijziging per 01-01-2009, ontvangen van:. <br>- Noordenveld (GM1699),. <br>... 3 hectare met 0 woningen en 0 inwoners. <br>. <br>Grenswijziging per 01-01-1998, ontvangen van:. <br>- Eelde (GM0113),. <br>... 81 hectare met 17 woningen en 86 inwoners. <br>. <br>Wijziging per 01-01-1990, overgegaan naar:. <br>- Leek (GM0022),. <br>... 2 hectare met 0 woningen en 0 inwoners. <br>. <br>Wijziging per 01-01-1989, ontvangen van:. <br>- Eelde (GM0113),. <br>... 5 hectare met 0 woningen en 0 inwoners. <br>- Peize (GM0124),. <br>... 1 hectare met 0 woningen en 0 inwoners. <br>- Roden (GM0125),. <br>... 46 hectare met 4 woningen en 12 inwoners. <br>Wijziging per 01-01-1989, overgegaan naar:. <br>- Eelde (GM0113),. <br>... 23 hectare met 1 woning en 3 inwoners. <br>. <br>Wijziging per 01-01-1969, ontvangen van:. <br>- Adorp (GM0001),. <br>... 339 hectare met 42 inwoners. <br>- Bedum (GM0005),. <br>... 528 hectare met 443 inwoners. <br>- Haren (GM0017),. <br>... 300 hectare met 291 inwoners. <br>- Hoogkerk (GM1084),. <br>... 1872 hectare met 7130 inwoners. <br>- Noorddijk (GM1127),. <br>... 2318 hectare met 3248 inwoners. <br>. <br>Wijziging per 01-10-1951, ontvangen van:. <br>- Noorddijk (GM1127),. <br>... 11 hectare met 0 inwoners. <br>. <br>Begindatum voor 1830. <br>. <br>","","","",""
"GM0015","11","Grootegast","","0015","7","Groote 15","1"
"GM1729","11","Gulpen-Wittem","","1729","4","Gulpen 1729","1"
"GM0158","11","Haaksbergen","","0158","7","Haaksb 158","1"
"GM0788","11","Haaren","","0788","7","",""
"GM0392","13","Haarlem","","0392","7","Haarle 392","1"
"GM0393","7","Haarlemmerliede en Spaarnwoude","Begindatum 13-06-1857","","","",""
"GM0394","13","Haarlemmermeer","","0394","7","Haarle 394","1"
"GM1655","11","Halderberge","","1655","6","Halder 1655","1"
"GM0160","11","Hardenberg","","0160","7","Harden 160","1"
"GM0243","11","Harderwijk","","0243","7","Harder 243","1"
"GM0523","11","Hardinxveld-Giessendam","","0523","7","Hardin 523","1"
"GM0017","11","Haren","","0017","7","Haren 17","1"
"GM0395","7","Harenkarspel","","0395","7","",""
"GM0072","11","Harlingen","","0072","7","Harlin 72","1"
"GM0244","11","Hattem","","0244","7","Hattem 244","1"
"GM0396","11","Heemskerk","","0396","7","Heemsk 396","1"
"GM0397","11","Heemstede","","0397","7","Heemst 397","1"
"GM0246","11","Heerde","","0246","7","Heerde 246","1"
"GM0074","11","Heerenveen","","0074","7","Heeren 74","1"
"GM0398","11","Heerhugowaard","","0398","7","Heerhu 398","1"
"GM0917","11","Heerlen","","0917","7","Heerle 917","1"
"GM1658","11","Heeze-Leende","","1658","6","",""
"GM0399","11","Heiloo","","0399","7","Heiloo 399","1"
"GM0400","11","Den Helder","","0400","7","Den He 400","1"
"GM0163","11","Hellendoorn","","0163","7","Hellen 163","1"
"GM0530","11","Hellevoetsluis","","0530","7","Hellev 530","1"
"GM0794","11","Helmond","","0794","7","Helmon 794","1"
"GM0531","11","Hendrik-Ido-Ambacht","","0531","7","Hendri 531","1"
"GM0164","11","Hengelo (O.)","","0164","2","Hengel 164","1"
"GM0796","12","'s-Hertogenbosch","","0796","7","",""
"GM0252","11","Heumen","","0252","7","",""
"GM0797","11","Heusden","","0797","7","Heusde 797","1"
"GM0534","11","Hillegom","","0534","7","Hilleg 534","1"
"GM0798","11","Hilvarenbeek","","0798","7","",""
"GM0402","11","Hilversum","","0402","7","Hilver 402","1"
"GM1735","11","Hof van Twente","","1735","2","Hof va 1735","1"
"GM1911","5","Hollands Kroon","Ontstaan per 01-01-2012","","","",""
"GM0118","11","Hoogeveen","","0118","7","Hoogev 118","1"
"GM0018","11","Hoogezand-Sappemeer","","0018","7","Hoogez 18","1"
"GM0405","11","Hoorn","","0405","7","Hoorn 405","1"
"GM1507","11","Horst aan de Maas","","1507","2","Horst  1507","1"
"GM0321","11","Houten","","0321","7","Houten 321","1"
"GM0406","11","Huizen","","0406","7","Huizen 406","1"
"GM0677","11","Hulst","","0677","7","Hulst 677","1"
"GM0353","11","IJsselstein","","0353","7","IJssel 353","1"
"GM1884","7","Kaag en Braassem","Ontstaan per 01-01-2009","","","",""
"GM0166","11","Kampen","","0166","7","Kampen 166","1"
"GM0678","11","Kapelle","","0678","7","",""
"GM0537","11","Katwijk","","0537","7","Katwij 537","1"
"GM0928","11","Kerkrade","","0928","7","Kerkra 928","1"
"GM1598","7","Koggenland","Ontstaan per 01-01-2007","","","",""
"GM0079","7","Kollumerland en Nieuwkruisland","","","","Kollum 79","1"
"GM0588","11","Korendijk","","0588","7","",""
"GM0542","11","Krimpen aan den IJssel","","0542","7","Krimpe 542","1"
"GM1659","11","Laarbeek","","1659","6","Laarbe 1659","1"
"GM1685","11","Landerd","","1685","7","",""
"GM0882","11","Landgraaf","","0882","7","Landgr 882","1"
"GM0415","11","Landsmeer","","0415","7","",""
"GM0416","11","Langedijk","","0416","7","Langed 416","1"
"GM1621","7","Lansingerland","Ontstaan per 01-01-2007","","","",""
"GM0417","7","Laren (NH.)","Begindatum voor 1830","","","",""
"GM0022","11","Leek","","0022","7","Leek 22","1"
"GM0545","11","Leerdam","","0545","7","Leerda 545","1"
"GM0080","12","Leeuwarden","","0080","7","Leeuwa 80","1"
"GM0081","11","Leeuwarderadeel","","0081","7","",""
"GM0546","13","Leiden","","0546","7","Leiden 546","1"
"GM0547","11","Leiderdorp","","0547","7","Leider 547","1"
"GM1916","11","Leidschendam-Voorburg","","1916","1","Leidsc 1916","1"
"GM0995","11","Lelystad","","0995","7","Lelyst 995","1"
"GM0082","8","Lemsterland","","0082","7","Lemste 82","1"
"GM1640","7","Leudal","Ontstaan per 01-01-2007","","","",""
"GM0327","11","Leusden","","0327","7","",""
"GM0694","7","Liesveld","","0694","7","",""
"GM0733","11","Lingewaal","","0733","7","",""
"GM1705","11","Lingewaard","Naamswijziging per 01-01-2003 oude naam: Bemmel.","","","Lingew 1705","1"
"GM0553","11","Lisse","","0553","7","Lisse 553","1"
"GM0140","11","Littenseradiel","","0140","7","Litten 140","1"
"GM0262","11","Lochem","","0262","7","Lochem 262","1"
"GM0809","11","Loon op Zand","","0809","7","Loon o 809","1"
"GM0331","11","Lopik","","0331","7","",""
"GM0024","11","Loppersum","","0024","7","",""
"GM0168","11","Losser","","0168","7","Losser 168","1"
"GM1671","9","Maasdonk","","1671","7","",""
"GM0263","11","Maasdriel","","0263","7","Maasdr 263","1"
"GM1641","7","Maasgouw","Ontstaan per 01-01-2007","","","",""
"GM0556","11","Maassluis","","0556","7","Maassl 556","1"
"GM0935","13","Maastricht","","0935","7","Maastr 935","1"
"GM1663","11","De Marne","","1663","7","De Mar 1663","1"
"GM0025","11","Marum","","0025","7","",""
"GM0420","11","Medemblik","","0420","7","Medemb 420","1"
"GM0938","11","Meerssen","","0938","7","Meerss 938","1"
"GM1908","6","Menameradiel","Naamswijziging per 01-01-2011","","","",""
"GM1987","11","Menterwolde","","1987","7","",""
"GM0119","11","Meppel","","0119","7","Meppel 119","1"
"GM0687","7","Middelburg (Z.)","Gemeentelijke herindeling per 01-01-1997. <br>Begindatum voor 1830","","","",""
"GM0559","7","Middelharnis","","0559","7","Middel 559","1"
"GM1842","11","Midden-Delfland","Nieuw gevormd per 01-01-2004 uit: Maasland, Schipluiden.","","","",""
"GM1731","11","Midden-Drenthe","","1731","3","Midden 1731","1"
"GM0815","11","Mill en Sint Hubert","","0815","7","Mill e 815","1"
"GM0265","9","Millingen aan de Rijn","","0265","7","",""
"GM1709","11","Moerdijk","","1709","4","Moerdi 1709","1"
"GM1955","7","Montferland","Ontstaan per 01-01-2005","","","",""
"GM0335","11","Montfoort","","0335","7","",""
"GM0944","11","Mook en Middelaar","","0944","7","",""
"GM0424","10","Muiden","","0424","7","",""
"GM0425","10","Naarden","","0425","7","Naarde 425","1"
"GM1740","11","Neder-Betuwe","Nieuw gevormd per 1-1-2004 oude naam: Kesteren.","","","",""
"GM0643","9","Nederlek","","0643","7","Nederl 643","1"
"GM0946","11","Nederweert","","0946","7","Nederw 946","1"
"GM0304","11","Neerijnen","","0304","7","",""
"GM0356","11","Nieuwegein","","0356","7","Nieuwe 356","1"
"GM0569","11","Nieuwkoop","","0569","7","Nieuwk 569","1"
"GM0571","7","Nieuw-Lekkerland","","0571","7","",""
"GM0267","11","Nijkerk","","0267","7","Nijker 267","1"
"GM0268","13","Nijmegen","","0268","7","Nijmeg 268","1"
"GM1695","11","Noord-Beveland","","1695","7","",""
"GM1699","11","Noordenveld","","1699","5","Noorde 1699","1"
"GM0171","11","Noordoostpolder","","0171","7","Noordo 171","1"
"GM0575","11","Noordwijk","","0575","7","Noordw 575","1"
"GM0576","11","Noordwijkerhout","","0576","7","Noordw 576","1"
"GM0820","7","Nuenen, Gerwen en Nederwetten","","","","Nuenen 820","1"
"GM0302","11","Nunspeet","","0302","7","Nunspe 302","1"
"GM0951","11","Nuth","","0951","7","",""
"GM0579","11","Oegstgeest","","0579","7","Oegstg 579","1"
"GM0823","11","Oirschot","","0823","7","Oirsch 823","1"
"GM0824","11","Oisterwijk","","0824","7","Oister 824","1"
"GM1895","7","Oldambt","Ontstaan per 01-01-2010","","","",""
"GM0269","11","Oldebroek","","0269","7","Oldebr 269","1"
"GM0173","11","Oldenzaal","","0173","7","Oldenz 173","1"
"GM1773","11","Olst-Wijhe","Naamswijziging per 01-01-2003 oude naam: Olst.","","","Olst-W 1773","1"
"GM0175","11","Ommen","","0175","7","Ommen 175","1"
"GM0881","11","Onderbanken","","0881","7","",""
"GM1586","7","Oost Gelre","Naamswijziging per 19-05-2006","","","",""
"GM0826","11","Oosterhout","","0826","7","Ooster 826","1"
"GM0580","7","Oostflakkee","","0580","7","",""
"GM0085","11","Ooststellingwerf","","0085","7","Oostst 85","1"
"GM0431","11","Oostzaan","","0431","7","",""
"GM0432","11","Opmeer","","0432","7","",""
"GM0086","11","Opsterland","","0086","7","Opster 86","1"
"GM0828","11","Oss","","0828","7","Oss 828","1"
"GM0584","11","Oud-Beijerland","","0584","7","Oud-Be 584","1"
"GM1509","7","Oude IJsselstreek","Ontstaan per 01-01-2005","","","",""
"GM0437","11","Ouder-Amstel","","0437","7","",""
"GM0644","9","Ouderkerk","","0644","7","",""
"GM0589","11","Oudewater","","0589","7","",""
"GM1734","11","Overbetuwe","","1734","2","Overbe 1734","1"
"GM0590","11","Papendrecht","","0590","7","Papend 590","1"
"GM1894","7","Peel en Maas","Ontstaan per 01-01-2010","","","",""
"GM0765","11","Pekela","","0765","7","Pekela 765","1"
"GM1926","11","Pijnacker-Nootdorp","","1926","1","Pijnac 1926","1"
"GM0439","11","Purmerend","","0439","7","Purmer 439","1"
"GM0273","11","Putten","","0273","7","Putten 273","1"
"GM0177","11","Raalte","","0177","7","Raalte 177","1"
"GM0703","11","Reimerswaal","","0703","7","Reimer 703","1"
"GM0274","11","Renkum","","0274","7","Renkum 274","1"
"GM0339","11","Renswoude","","0339","7","",""
"GM1667","11","Reusel-De Mierden","","1667","5","",""
"GM0275","11","Rheden","","0275","7","Rheden 275","1"
"GM0340","11","Rhenen","","0340","7","Rhenen 340","1"
"GM0597","11","Ridderkerk","","0597","7","Ridder 597","1"
"GM0196","11","Rijnwaarden","","0196","7","",""
"GM1672","8","Rijnwoude","","1672","7","Rijnwo 1672","1"
"GM1742","11","Rijssen-Holten","Naamswijziging per 01-01-2004 oude naam: Rijssen.","","","",""
"GM0603","7","Rijswijk (ZH.)","Begindatum voor 1830","","","",""
"GM1669","11","Roerdalen","","1669","7","",""
"GM0957","11","Roermond","","0957","7","Roermo 957","1"
"GM0736","11","De Ronde Venen","","0736","7","De Ron 736","1"
"GM1674","11","Roosendaal","","1674","6","Roosen 1674","1"
"GM0599D01","5","Rotterdam - Concern","dg = deelgemeente","","","",""
"GM0599D63","5","Rotterdam - dg Centrum","dg = deelgemeente","","","",""
"GM0599D06","5","Rotterdam - dg Charlois","dg = deelgemeente","","","",""
"GM0599D12","5","Rotterdam - dg Delfshaven","dg = deelgemeente","","","",""
"GM0599D11","5","Rotterdam - dg Feijenoord","dg = deelgemeente","","","",""
"GM0599D05","5","Rotterdam - dg Hillegersberg Schiebroek","dg = deelgemeente","","","",""
"GM0599D07","5","Rotterdam - dg Hoek v. Holland","dg = deelgemeente","","","",""
"GM0599D08","5","Rotterdam - dg Hoogvliet","dg = deelgemeente","","","",""
"GM0599D02","5","Rotterdam - dg IJsselmonde","dg = deelgemeente","","","",""
"GM0599D04","5","Rotterdam - dg Kralingen-Crooswijk","dg = deelgemeente","","","",""
"GM0599D10","5","Rotterdam - dg Noord","dg = deelgemeente","","","",""
"GM0599D03","5","Rotterdam - dg Overschie","dg = deelgemeente","","","",""
"GM0599D64","5","Rotterdam - dg Pernis","dg = deelgemeente","","","",""
"GM0599D09","5","Rotterdam - dg Prins Alexander","dg = deelgemeente","","","",""
"GM0599D13","5","Rotterdam - dg Rozenburg","dg = deelgemeente","","","",""
"GM0277","11","Rozendaal","","0277","7","Rozend 277","1"
"GM0840","11","Rucphen","","0840","7","Rucphe 840","1"
"GM0441","11","Schagen","","0441","7","Schage 441","1"
"GM0458","9","Schermer","","0458","7","",""
"GM0279","11","Scherpenzeel","","0279","7","",""
"GM0606","11","Schiedam","","0606","7","Schied 606","1"
"GM0088","11","Schiermonnikoog","","0088","7","Schier 88","1"
"GM0844","11","Schijndel","","0844","7","Schijn 844","1"
"GM0962","11","Schinnen","","0962","7","",""
"GM0608","9","Schoonhoven","","0608","7","Schoon 608","1"
"GM1676","11","Schouwen-Duiveland","","1676","6","Schouw 1676","1"
"GM0965","11","Simpelveld","","0965","7","",""
"GM1702","11","Sint Anthonis","","1702","7","Sint A 1702","1"
"GM0845","11","Sint-Michielsgestel","","0845","7","Sint-M 845","1"
"GM0846","11","Sint-Oedenrode","","0846","7","Sint-O 846","1"
"GM1883","11","Sittard-Geleen","","1883","2","Sittar 1883","1"
"GM0051","8","Skarsterlân","","0051","7","Skarst 51","1"
"GM0610","11","Sliedrecht","","0610","7","Sliedr 610","1"
"GM0040","11","Slochteren","","0040","7","Slocht 40","1"
"GM1714","11","Sluis","Nieuw gevormd per 01-01-2003 uit: Sluis-Aardenburg, Oostburg.","","","Sluis 1714","1"
"GM0090","11","Smallingerland","","0090","7","Smalli 90","1"
"GM0342","11","Soest","","0342","7","Soest 342","1"
"GM0847","11","Someren","","0847","7","Somere 847","1"
"GM0848","11","Son en Breugel","","0848","7","",""
"GM0612","9","Spijkenisse","","0612","7","Spijke 612","1"
"GM0037","11","Stadskanaal","","0037","7","Stadsk 37","1"
"GM0180","11","Staphorst","","0180","7","",""
"GM0532","11","Stede Broec","","0532","7","Stede  532","1"
"GM0851","11","Steenbergen","","0851","7","Steenb 851","1"
"GM1708","11","Steenwijkerland","Naamswijziging per 01-01-2003 oude naam: Steenwijk.","","","Steenw 1708","1"
"GM0971","7","Stein (L.)","Begindatum 02-01-1839","","","",""
"GM1904","6","Stichtse Vecht","Ontstaan per 01-01-2011","","","",""
"GM0617","11","Strijen","","0617","7","",""
"GM1900","6","Súdwest-Fryslân","Ontstaan per 01-01-2011","","","",""
"GM0715","11","Terneuzen","","0715","7","Terneu 715","1"
"GM0093","11","Terschelling","","0093","7","Tersch 93","1"
"GM0448","11","Texel","","0448","7","Texel 448","1"
"GM1525","7","Teylingen","Ontstaan per 01-01-2006","","","",""
"GM0716","11","Tholen","","0716","7","Tholen 716","1"
"GM0281","11","Tiel","","0281","7","Tiel 281","1"
"GM0855","13","Tilburg","","0855","7","Tilbur 855","1"
"GM0183","11","Tubbergen","","0183","7","Tubber 183","1"
"GM1700","11","Twenterand","Naamswijziging per 01-01-2003 oude naam: Vriezenveen.","","","Twente 1700","1"
"GM1730","11","Tynaarlo","","1730","3","",""
"GM0737","11","Tytsjerksteradiel","","0737","7","Tytsje 737","1"
"GM0282","9","Ubbergen","","0282","7","Ubberg 282","1"
"GM0856","11","Uden","","0856","7","Uden 856","1"
"GM0450","11","Uitgeest","","0450","7","",""
"GM0451","11","Uithoorn","","0451","7","Uithoo 451","1"
"GM0184","11","Urk","","0184","7","Urk 184","1"
"GM0344","8","Utrecht (gemeente)","Grenswijziging per 01-01-2010, ontvangen van:. <br>- Maarssen (GM0333),. <br>... 2 hectare met 0 woningen en 0 inwoners. <br>Grenswijziging per 01-01-2010, overgegaan naar:. <br>- Maarssen (GM0333),. <br>... 12 hectare met 0 woningen en 0 inwoners. <br>. <br>Gemeentelijke herindeling per 01-01-2001, ontvangen van:. <br>- Utrecht (GM0344),. <br>... 6142 hectare met 103010 woningen en 233994 inwoners. <br>- Vleuten-De Meern (GM0347),. <br>... 2757 hectare met 8160 woningen en 22110 inwoners. <br>Grenswijziging per 01-01-2001, ontvangen van:. <br>- Maarssen (GM0333),. <br>... 96 hectare met 45 woningen en 97 inwoners. <br>- Nieuwegein (GM0356),. <br>... 631 hectare met 68 woningen en 219 inwoners. <br>. <br>Grenswijziging per 01-01-1995, ontvangen van:. <br>- Vleuten-De Meern (GM0347),. <br>... 681 hectare met 438 woningen en 1027 inwoners. <br>. <br>Grenswijziging per 01-01-1994, overgegaan naar:. <br>- Houten (GM0321),. <br>... 3 hectare met 1 woning en 3 inwoners. <br>. <br>Grenswijziging per 01-01-1993, ontvangen van:. <br>- Maartensdijk (GM0334),. <br>... 49 hectare met 13 woningen en 37 inwoners. <br>. <br>Wijziging per 01-01-1975, ontvangen van:. <br>- De Bilt (GM0310),. <br>... 161 hectare met 16 inwoners. <br>- Zeist (GM0355),. <br>... 113 hectare met 28 inwoners. <br>Wijziging per 01-01-1975, overgegaan naar:. <br>- Bunnik (GM0312),. <br>... 11 hectare met 2 inwoners. <br>. <br>Wijziging per 01-01-1973, ontvangen van:. <br>- Bunnik (GM0312),. <br>... 1 hectare met 0 inwoners. <br>- Houten (GM0321),. <br>... 27 hectare met 7 inwoners. <br>- Nieuwegein (GM0356),. <br>... 69 hectare met 45 inwoners. <br>. <br>Wijziging per 01-07-1968, ontvangen van:. <br>- Jutphaas (GM0322),. <br>... 10 hectare met 0 inwoners. <br>- Vleuten-De Meern (GM0347),. <br>... 15 hectare met 0 inwoners. <br>. <br>Wijziging per 01-04-1964, ontvangen van:. <br>- Vleuten-De Meern (GM0347),. <br>... 24 hectare met 7 inwoners. <br>Wijziging per 01-04-1964, overgegaan naar:. <br>- Vleuten-De Meern (GM0347),. <br>... 10 hectare met 50 inwoners. <br>. <br>Wijziging per 01-01-1954, ontvangen van:. <br>- Achttienhoven (U.) (GM1005),. <br>... 361 hectare met 546 inwoners. <br>- De Bilt (GM0310),. <br>... 189 hectare met 130 inwoners. <br>- Bunnik (GM0312),. <br>... 143 hectare met 167 inwoners. <br>- Houten (GM0321),. <br>... 209 hectare met 117 inwoners. <br>- Jutphaas (GM0322),. <br>... 339 hectare met 8642 inwoners. <br>- Maartensdijk (GM0334),. <br>... 579 hectare met 7317 inwoners. <br>- Oudenrijn (GM1144),. <br>... 484 hectare met 738 inwoners. <br>- Westbroek (GM1224),. <br>... 176 hectare met 28 inwoners. <br>- Zuilen (GM1242),. <br>... 418 hectare met 25622 inwoners. <br>. <br>Begindatum voor 1830. <br>","","","",""
"GM1581","7","Utrechtse Heuvelrug","Ontstaan per 01-01-2006","","","",""
"GM0981","11","Vaals","","0981","7","",""
"GM0994","11","Valkenburg aan de Geul","","0994","7","Valken 994","1"
"GM0858","11","Valkenswaard","","0858","7","Valken 858","1"
"GM0047","11","Veendam","","0047","7","Veenda 47","1"
"GM0345","11","Veenendaal","","0345","7","Veenen 345","1"
"GM0717","11","Veere","","0717","7","",""
"GM0860","11","Veghel","","0860","7","Veghel 860","1"
"GM0861","11","Veldhoven","","0861","7","Veldho 861","1"
"GM0453","11","Velsen","","0453","7","Velsen 453","1"
"GM0983","12","Venlo","","0983","7","Venlo 983","1"
"GM0984","11","Venray","","0984","7","Venray 984","1"
"GM0620","11","Vianen","","0620","7","Vianen 620","1"
"GM0622","11","Vlaardingen","","0622","7","Vlaard 622","1"
"GM0048","11","Vlagtwedde","","0048","7","Vlagtw 48","1"
"GM0096","11","Vlieland","","0096","7","Vliela 96","1"
"GM0718","11","Vlissingen","","0718","7","Vlissi 718","1"
"GM0623","9","Vlist","","0623","7","",""
"GM0986","11","Voerendaal","","0986","7","",""
"GM0626","11","Voorschoten","","0626","7","",""
"GM0285","11","Voorst","","0285","7","Voorst 285","1"
"GM0865","11","Vught","","0865","7","Vught 865","1"
"GM0866","11","Waalre","","0866","7","",""
"GM0867","11","Waalwijk","","0867","7","Waalwi 867","1"
"GM0627","11","Waddinxveen","","0627","7","Waddin 627","1"
"GM0289","11","Wageningen","","0289","7","Wageni 289","1"
"GM0629","11","Wassenaar","","0629","7","Wassen 629","1"
"GM0852","11","Waterland","","0852","7","Waterl 852","1"
"GM0988","11","Weert","","0988","7","Weert 988","1"
"GM0457","11","Weesp","","0457","7","Weesp 457","1"
"GM0870","11","Werkendam","","0870","7","Werken 870","1"
"GM0668","11","West Maas en Waal","","0668","7","",""
"GM1701","11","Westerveld","","1701","5","Wester 1701","1"
"GM0293","11","Westervoort","","0293","7","",""
"GM1783","12","Westland","Nieuw gevormd per 01-01-2004 uit: 's-Gravenzande, De Lier, Monster,. <br>Naaldwijk en Wateringen.","","","",""
"GM0098","11","Weststellingwerf","","0098","7","Westst 98","1"
"GM0614","11","Westvoorne","","0614","7","",""
"GM0189","11","Wierden","","0189","7","",""
"GM0296","11","Wijchen","","0296","7","Wijche 296","1"
"GM1696","11","Wijdemeren","","1696","1","",""
"GM0352","11","Wijk bij Duurstede","","0352","7","Wijk b 352","1"
"GM0053","11","Winsum","","0053","7","Winsum 53","1"
"GM0294","11","Winterswijk","","0294","7","Winter 294","1"
"GM0873","11","Woensdrecht","","0873","7","Woensd 873","1"
"GM0632","11","Woerden","","0632","7","Woerde 632","1"
"GM1690","11","De Wolden","","1690","5","",""
"GM0880","11","Wormerland","","0880","7","",""
"GM0351","11","Woudenberg","","0351","7","",""
"GM0874","11","Woudrichem","","0874","7","Woudri 874","1"
"GM0479","13","Zaanstad","","0479","7","Zaanst 479","1"
"GM0297","11","Zaltbommel","","0297","7","Zaltbo 297","1"
"GM0473","11","Zandvoort","","0473","7","Zandvo 473","1"
"GM0707","11","Zederik","","0707","7","",""
"GM0478","10","Zeevang","","0478","7","",""
"GM0050","11","Zeewolde","","0050","7","Zeewol 50","1"
"GM0355","11","Zeist","","0355","7","Zeist 355","1"
"GM0299","11","Zevenaar","","0299","7","Zevena 299","1"
"GM0476","7","Zijpe","","0476","7","",""
"GM0637","13","Zoetermeer","","0637","7","Zoeter 637","1"
"GM0638","11","Zoeterwoude","","0638","7","",""
"GM0056","11","Zuidhorn","","0056","7","Zuidho 56","1"
"GM1892","7","Zuidplas","Ontstaan per 01-01-2010","","","",""
"GM0879","11","Zundert","","0879","7","Zunder 879","1"
"GM0301","11","Zutphen","","0301","7","Zutphe 301","1"
"GM1896","11","Zwartewaterland","","1896","2","Zwarte 1896","1"
"GM0642","11","Zwijndrecht","","0642","7","Zwijnd 642","1"
"GM0193","13","Zwolle","","0193","7","Zwolle 193","1"
"GM1924","4","Goeree-Overflakkee","Ontstaan per 01-01-2013","","","",""
"GM1927","4","Molenwaard","Ontstaan per 01-01-2013","","","",""
"GM0363","9","Amsterdam","","0363","7","Amster 363","1"
"GM1921","2","De Friese Meren","Gemeentelijke herindeling per 01-01-2014. <br>Ontstaan per 01-01-2014","","","",""
"GM0599","9","Rotterdam","","0599","7","Rotter 599","1"
"GM1931","2","Krimpenerwaard","Gemeentelijke herindeling per 01-01-2015. <br>Ontstaan per 01-01-2015","","","",""
"GM1930","2","Nissewaard","Gemeentelijke herindeling per 01-01-2015. <br>Ontstaan per 01-01-2015","","","",""
"GM0305","5","Abcoude","","0305","7","",""
"GM0363S02","1","Amsterdam - Stadsdeel Westerpark","","","","",""
"GM0363S03","1","Amsterdam - Stadsdeel Slotervaart","","","","",""
"GM0363S05","1","Amsterdam - Stadsdeel Osdorp","","","","",""
"GM0363S08","1","Amsterdam - Stadsdeel Oud-West","","","","",""
"GM0363S10","1","Amsterdam - Stadsdeel Noord","","","","",""
"GM0363S11","1","Amsterdam - Stadsdeel Bos en Lommer","","","","",""
"GM0363S12","1","Amsterdam - Stadsdeel de Baarsjes","","","","",""
"GM0363S13","1","Amsterdam - sd Geuzenveld-Slotermeer","sd = stadsdeel","","","",""
"GM0363S16","1","Amsterdam - Stadsdeel Zeeburg","","","","",""
"GM0363S17","1","Amsterdam - Stadsdeel Zuidoost","","","","",""
"GM0363S18","1","Amsterdam - Stadsdeel Oud-Zuid","","","","",""
"GM0363S56","1","Amsterdam - Stadsdeel Centrum","","","","",""
"GM0363S57","1","Amsterdam - Stadsdeel Zuideramstel","","","","",""
"GM0363S62","1","Amsterdam - sd Oost-Watergraafsmeer","sd = stadsdeel","","","",""
"GM0363S88","1","Amsterdam - Stadsdeel Oost","","","","",""
"GM0363S89","1","Amsterdam - Stadsdeel Zuid","","","","",""
"GM0363S90","1","Amsterdam - Stadsdeel Nieuw-West","","","","",""
"GM0363S91","1","Amsterdam - Stadsdeel West","","","","",""
"GM0364","5","Andijk","","0364","7","",""
"GM0366","6","Anna Paulowna","","0366","7","",""
"GM0497","5","Bodegraven","","0497","7","Bodegr 497","1"
"GM0064","5","Bolsward","","0064","7","Bolswa 64","1"
"GM0311","5","Breukelen","","0311","7","Breuke 311","1"
"GM0905","5","Eijsden","","0905","7","Eijsde 905","1"
"GM0808","5","Lith","","0808","7","",""
"GM0329","5","Loenen","","0329","7","",""
"GM0333","5","Maarssen","","0333","7","Maarss 333","1"
"GM0936","5","Margraten","","0936","7","Margra 936","1"
"GM0083","5","Menaldumadeel","","0083","7","",""
"GM0412","6","Niedorp","","0412","7","",""
"GM0104","5","Nijefurd","","0104","7","Nijefu 104","1"
"GM0595","5","Reeuwijk","","0595","7","",""
"GM0600","5","Rozenburg","","0600","7","Rozenb 600","1"
"GM0091","5","Sneek","","0091","7","Sneek 91","1"
"GM0459","5","Wervershoof","","0459","7","",""
"GM0462","6","Wieringen","","0462","7","",""
"GM0463","6","Wieringermeer","","0463","7","Wierin 463","1"
"GM0710","1","Wûnseradiel","","0710","7","",""
"GM0683","5","Wymbritseradiel","","0683","7","",""
"PV20","7","Groningen (PV)","PV = Provincie. <br>. <br>Bestuurlijke onderverdeling van het Nederlands grondgebied. Sinds het instellen van de provincie Flevoland per 1 januari 1986 telt Nederland 12 provincies.","","","",""
"PV21","7","Friesland (PV)","PV = Provincie. <br>. <br>Bestuurlijke onderverdeling van het Nederlands grondgebied. Sinds het instellen van de provincie Flevoland per 1 januari 1986 telt Nederland 12 provincies.","","","",""
"PV22","7","Drenthe (PV)","PV = Provincie. <br>. <br>Bestuurlijke onderverdeling van het Nederlands grondgebied. Sinds het instellen van de provincie Flevoland per 1 januari 1986 telt Nederland 12 provincies.","","","",""
"PV23","7","Overijssel (PV)","PV = Provincie. <br>. <br>Bestuurlijke onderverdeling van het Nederlands grondgebied. Sinds het instellen van de provincie Flevoland per 1 januari 1986 telt Nederland 12 provincies.","","","",""
"PV24","7","Flevoland (PV)","PV = Provincie. <br>. <br>Bestuurlijke onderverdeling van het Nederlands grondgebied. Sinds het instellen van de provincie Flevoland per 1 januari 1986 telt Nederland 12 provincies.","","","",""
"PV25","7","Gelderland (PV)","PV = Provincie. <br>. <br>Bestuurlijke onderverdeling van het Nederlands grondgebied. Sinds het instellen van de provincie Flevoland per 1 januari 1986 telt Nederland 12 provincies.","","","",""
"PV26","7","Utrecht (PV)","PV = Provincie. <br>. <br>Bestuurlijke onderverdeling van het Nederlands grondgebied. Sinds het instellen van de provincie Flevoland per 1 januari 1986 telt Nederland 12 provincies.","","","",""
"PV27","7","Noord-Holland (PV)","PV = Provincie. <br>. <br>Bestuurlijke onderverdeling van het Nederlands grondgebied. Sinds het instellen van de provincie Flevoland per 1 januari 1986 telt Nederland 12 provincies.","","","",""
"PV28","7","Zuid-Holland (PV)","PV = Provincie. <br>. <br>Bestuurlijke onderverdeling van het Nederlands grondgebied. Sinds het instellen van de provincie Flevoland per 1 januari 1986 telt Nederland 12 provincies.","","","",""
"PV29","7","Zeeland (PV)","PV = Provincie. <br>. <br>Bestuurlijke onderverdeling van het Nederlands grondgebied. Sinds het instellen van de provincie Flevoland per 1 januari 1986 telt Nederland 12 provincies.","","","",""
"PV30","7","Noord-Brabant (PV)","PV = Provincie. <br>. <br>Bestuurlijke onderverdeling van het Nederlands grondgebied. Sinds het instellen van de provincie Flevoland per 1 januari 1986 telt Nederland 12 provincies.","","","",""
"PV31","7","Limburg (PV)","PV = Provincie. <br>. <br>Bestuurlijke onderverdeling van het Nederlands grondgebied. Sinds het instellen van de provincie Flevoland per 1 januari 1986 telt Nederland 12 provincies.","","","",""
"WS01","6","Waterschap Groot Salland","Waterschap Groot Salland","","","",""
"WS02","7","Waterschap Rijn en IJssel","Waterschap Rijn en IJssel","","","",""
"WS03","3","Waterschap Veluwe","Waterschap Veluwe","","","",""
"WS04","3","Waterschap Vallei En Eem","Waterschap Vallei En Eem","","","",""
"WS05","7","Hoogheemraadschap Amstel, Gooi en Vecht","Hoogheemraadschap Amstel, Gooi en Vecht","","","",""
"WS06","4","Waterschap Regge En Dinkel","Waterschap Regge En Dinkel","","","",""
"WS07","7","Hoogheemraadschap van Delfland","Hoogheemraadschap van Delfland","","","",""
"WS08","1","Waterschap Zeeuwsch Vlaanderen","Waterschap Zeeuwsch Vlaanderen","","","",""
"WS09","1","Waterschap Zeeuwse Eilanden","Waterschap Zeeuwse Eilanden","","","",""
"WS10","7","Waterschap De Dommel","Waterschap De Dommel","","","",""
"WS11","7","Waterschap Roer en Overmaas","Waterschap Roer en Overmaas","","","",""
"WS12","7","Hoogheemraadschap van Rijnland","Hoogheemraadschap van Rijnland","","","",""
"WS13","7","Waterschap Rivierenland","Waterschap Rivierenland","","","",""
"WS14","7","Hoogheemraadschap De Stichtse Rijnlanden","Hoogheemraadschap De Stichtse Rijnlanden","","","",""
"WS15","7","Waterschap Peel en Maasvallei","Waterschap Peel en Maasvallei","","","",""
"WS16","7","Waterschap Hunze en Aa's","Waterschap Hunze en Aa's","","","",""
"WS17","7","Waterschap Noorderzijlvest","Waterschap Noorderzijlvest","","","",""
"WS18","6","Waterschap Reest en Wieden","Waterschap Reest en Wieden","","","",""
"WS19","4","Waterschap Velt En Vecht","Waterschap Velt En Vecht","","","",""
"WS20","7","Waterschap Zuiderzeeland","Waterschap Zuiderzeeland","","","",""
"WS21","7","Hhs Hollands Noorderkwartier","Hoogheemraadschap Hollands Noorderkwartier.","","","",""
"WS22","7","Waterschap Brabantse Delta","Waterschap Brabantse Delta","","","",""
"WS23","7","Wetterskip Fryslân","Wetterskip Fryslân","","","",""
"WS24","7","Waterschap Aa en Maas","Waterschap Aa en Maas","","","",""
"WS25","7","Waterschap Hollandse Delta","Waterschap Hollandse Delta","","","",""
"WS26","7","Hhs van Schieland en Krimpenerwaard","Hoogheemraadschap van Schieland en Krimpenerwaard","","","",""
"WS27","6","Waterschap Scheldestromen","Waterschap Scheldestromen","","","",""
"WS28","4","Waterschap Vallei en Veluwe","Waterschap Vallei en Veluwe","","","",""
"WS29","3","Waterschap Vechtstromen","Waterschap Vechtstromen","","","",""
"GR0001","7","Stadsregio Amsterdam","Stadsregio Amsterdam","","","",""
"GR0005","7","Regio Twente","Regio Twente","","","",""
"GR0006","7","Gewest Gooi En Vechtstreek","Gewest Gooi En Vechtstreek","","","",""
"GR0010","5","Stadsgewest Haaglanden","Stadsgewest Haaglanden","","","",""
"GR0011","4","Intergem Samenwerkingsorgaan Midden Ho..","Intergem Samenwerkingsorgaan Midden Holland","","","",""
"GR0015","5","Stadsregio Rotterdam","Stadsregio Rotterdam","","","",""
"GR0022","6","Bestuur Regio Utrecht","Bestuur Regio Utrecht","","","",""
"GR0024","7","Regio Noord Veluwe","Regio Noord Veluwe","","","",""
"GR0026","6","Regio Rivierenland","Regio Rivierenland","","","",""
"GR0028","6","Servicebureau Gemeenten","Servicebureau Gemeenten","","","",""
"GR0030","7","Regio Zuid-Holland Zuid","Regio Zuid-Holland Zuid","","","",""
"GR0039","6","Samenwerkingsverband Regio Eindhoven","Samenwerkingsverband Regio Eindhoven","","","",""
"GR0233","7","WEDEKA","WEDEKA","","","",""
"GR0234","7","Synergon","Synergon","","","",""
"GR0240","7","Alescon","Alescon","","","",""
"GR0241","7","Werkvoorzieningsschap Reestmond","Werkvoorzieningsschap Reestmond","","","",""
"GR0245","7","GR Sociaal Werkleerbedrijf Midden Twente","GR Sociaal Werkleerbedrijf Midden Twente","","","",""
"GR0249","6","Werkvoorziening Zwolle Eo","Werkvoorziening Zwolle Eo","","","",""
"GR0250","7","Hamelandgroep","Hamelandgroep","","","",""
"GR0251","7","Presikhaaf Bedrijven","Presikhaaf Bedrijven","","","",""
"GR0252","6","Lander","Lander","","","",""
"GR0253","7","Felua Groep","Felua Groep","","","",""
"GR0254","7","Permar","Permar","","","",""
"GR0255","7","Werkvoorzieningsschap De Oude IJsselst..","Werkvoorzieningsschap De Oude IJsselst..","","","",""
"GR0256","6","Werkvoorzieningsschap Nijmegen Eo (Bre..","Werkvoorzieningsschap Nijmegen Eo (Breed)","","","",""
"GR0257","7","Delta","Delta","","","",""
"GR0258","7","Rwa Bedrijven","Rwa Bedrijven","","","",""
"GR0262","7","Tomingroep","Tomingroep","","","",""
"GR0263","7","Wnk Bedrijven","Wnk Bedrijven","","","",""
"GR0266","5","Op/Maat","Op/Maat","","","",""
"GR0267","7","Werkvoorzieningsschap Zuid- Kennemerland","Werkvoorzieningsschap Zuid- Kennemerland","","","",""
"GR0273","7","Dienst Sociale Werkvoorziening Rijswij..","Dienst Sociale Werkvoorziening Rijswijk E O","","","",""
"GR0281","3","Léte","Léte","","","",""
"GR0282","7","Sociaal Werkvoorzieningsschap Dethon","Sociaal Werkvoorzieningsschap Dethon","","","",""
"GR0283","3","Werkbedrijf Midden-Langstraat","Werkbedrijf Midden-Langstraat","","","",""
"GR0284","7","Wvs groep","Wvs groep","","","",""
"GR0287","7","Werkvoorzieningsschap Noord Limburg West","Werkvoorzieningsschap Noord Limburg West","","","",""
"GR0292","7","Werkvoorzieningschap De Dommel  (WSD)","Werkvoorzieningschap De Dommel  (WSD)","","","",""
"GR0293","7","Emco-Groep","Emco-Groep","","","",""
"GR0296","7","Sociale Werkvoorziening Fryslan","Sociale Werkvoorziening Fryslan","","","",""
"GR0298","7","Drechtwerk","Drechtwerk","","","",""
"GR0299","7","Regeling WVK-groep","Regeling WVK-groep","","","",""
"GR0316","7","Afvalbeheer Regio Centraal Groningen","Afvalbeheer Regio Centraal Groningen","","","",""
"GR0328","7","Openbaar Lichaam Afvalstoffenverwijder..","Openbaar Lichaam Afvalstoffenverwijdering","","","",""
"GR0329","7","Afvalverwijdering Utrecht","Afvalverwijdering Utrecht","","","",""
"GR0335","7","DCMR Milieudienst Rijnmond","DCMR Milieudienst Rijnmond","","","",""
"GR0400","7","Stadsregio Arnhem Nijmegen","Stadsregio Arnhem Nijmegen","","","",""
"GR0401","4","GR Veiligheid & Gezondheidsregio Groni..","GR Veiligheid & Gezondheidsregio Groningen","","","",""
"GR0412","7","Reinigingsdiensten RD4","Reinigingsdiensten RD4","","","",""
"GR0413","1","Samenwerkingsverband Ypenburg","Samenwerkingsverband Ypenburg","","","",""
"GR0421","7","Baanstede","Baanstede","","","",""
"GR0425","7","Gem. Reg. Samenwerkingsverband Noord-N..","Gem. Reg. Samenwerkingsverband Noord-Nederland","","","",""
"GR0435","7","Dienst Sociale Zaken En Werkgel. Noard..","Dienst Sociale Zaken En Werkgelegenheid Noardwest Fryslan","","","",""
"GR0442","7","GGD Hart voor Brabant","GGD Hart voor Brabant","","","",""
"GR0446","7","Werkvoorzieningsschap Fryslân-West","Werkvoorzieningsschap Fryslân-West","","","",""
"GR0448","7","Atlant Groep","Atlant Groep","","","",""
"GR0458","6","Ontwikkelingsmaatschappij Midden-IJsse..","Ontwikkelingsmaatschappij Midden-IJsselmonde","","","",""
"GR0462","6","Regionale sociale dienst Alblasserwaar..","Regionale sociale dienst Alblasserwaard-oost/Vijfheerenlanden","","","",""
"GR0466","7","Sociale Werkvoorziening Alpen a/d Rijn..","Sociale Werkvoorziening Alpen a/d Rijn..","","","",""
"GR0471","7","GGD Flevoland","GGD Flevoland","","","",""
"GR0472","7","Westrom","Westrom","","","",""
"GR0476","7","Veiligheids- en Gezondheidsregio Gelde..","Veiligheids- en Gezondheidsregio Gelderland","","","",""
"GR0485","7","GROGZ West Brabant","GROGZ West Brabant","","","",""
"GR0487","1","ISD Zuidwest-Fryslân","ISD Zuidwest-Fryslân","","","",""
"GR0494","7","Veiligheidsregio Noord Holland Noord","Veiligheidsregio Noord Holland Noord","","","",""
"GR0506","7","Diamantgroep","Diamantgroep","","","",""
"GR0508","1","Zeeland Seaports","Zeeland Seaports","","","",""
"GR0510","7","Werkvoorzieningsschap Regio Eindhoven ..","Werkvoorzieningsschap Regio Eindhoven ..","","","",""
"GR0516","3","RSD Kromme Rijn - Heuvelrug","RSD Kromme Rijn - Heuvelrug","","","",""
"GR0520","7","GGD Zuid Limburg","GGD Zuid Limburg","","","",""
"GR0528","3","Intergemeentelijke Sociale Dienst Midd..","Intergemeentelijke Sociale Dienst Midden Langstraat","","","",""
"GR0533","7","Werkvoorzieningsschap Centr. Overijsse..","Werkvoorzieningsschap Centr. Overijsse..","","","",""
"GR0539","7","GR Promen","GR Promen","","","",""
"GR0542","7","Werkvoorzieningsschap Oostelijk Zuid-L..","Werkvoorzieningsschap Oostelijk Zuid-Limburg","","","",""
"GR0587","7","OV-Bureau Groningen Drenthe","OV-Bureau Groningen Drenthe","","","",""
"GR0588","7","Veiligheidsregio Utrecht","Veiligheidsregio Utrecht","","","",""
"GR0594","7","ISD Noordoost","ISD Noordoost","","","",""
"GR0604","1","ISD Oldambt","ISD Oldambt","","","",""
"GR0613","5","ISD Kop van Noord Holland","ISD Kop van Noord Holland","","","",""
"GR0615","7","ISD Brunssum Onderbanken Landgraaf (IS..","ISD Brunssum Onderbanken Landgraaf (ISD BOL)","","","",""
"GR0617","7","Veiligheidsregio Rotterdam-Rijnmond","Veiligheidsregio Rotterdam-Rijnmond","","","",""
"GR0620","7","ISD Aa en Hunze Assen Tynaarlo","ISD Aa en Hunze Assen Tynaarlo","","","",""
"GR0621","7","Gemeenschappelijke Regeling De Drechts..","Gemeenschappelijke Regeling De Drechtsteden","","","",""
"GR0622","3","Sociale Dienst Walcheren","Sociale Dienst Walcheren","","","",""
"GR0624","4","Veiligheidsregio Zaanstreek-Waterland","Veiligheidsregio Zaanstreek-Waterland","","","",""
"GR0636","7","Veiligheidsregio Amsterdam Amstelland","Veiligheidsregio Amsterdam Amstelland","","","",""
"GR0640","7","Veiligheidsregio Kennemerland","Veiligheidsregio Kennemerland","","","",""
"GR0644","7","Veiligheidsregio Limburg Noord","Veiligheidsregio Limburg Noord","","","",""
"GR0044","6","Veiligheidsregio Haaglanden","Veiligheidsregio Haaglanden","","","",""
"GR0639","6","Veiligheidsregio Zuidoost-Brabant","Veiligheidsregio Zuidoost-Brabant","","","",""
"GR0660","6","Veiligheidsregio Zuid-Holland Zuid","Veiligheidsregio Zuid-Holland Zuid","","","",""
"GR0662","6","De Kompanjie","De Kompanjie","","","",""
"GR0663","2","Werkorganisatie DEAL-Gemeenten","Werkorganisatie DEAL-Gemeenten","","","",""
"GR0669","6","Omgevingsdienst Zuid-Holland Zuid","Omgevingsdienst Zuid-Holland Zuid","","","",""
"GR0076","4","Brandweer Zuid Limburg","Brandweer Zuid Limburg","","","",""
"GR0084","2","Groningen Seaports","Groningen Seaports","","","",""
"GR0358","5","GGD Brabant Zuidoost","GGD Brabant Zuidoost","","","",""
"GR0440","1","Sociale Werkvoorziening Zeist","Sociale Werkvoorziening Zeist","","","",""
"GR0447","5","Avalex Regionaal Reinigingsbedrijf","Avalex Regionaal Reinigingsbedrijf","","","",""
"GR0460","5","Veiligheidsregio Fryslân","Veiligheidsregio Fryslân","","","",""
"GR0461","5","Intergem. Sociale Dienst Bollenstreek","Intergem. Sociale Dienst Bollenstreek","","","",""
"GR0511","5","Werkvoorzieningschap Noordoost-Brabant","Werkvoorzieningschap Noordoost-Brabant","","","",""
"GR0518","5","Veiligheidsregio Gelderland Zuid","Veiligheidsregio Gelderland Zuid","","","",""
"GR0522","5","Regionale Dienst Openbare Gezondheidsz..","Regionale Dienst Openbare Gezondheidszorg Hollands Midden (RDOG)","","","",""
"GR0526","2","Grondbank RZG Zuidplas","Grondbank RZG Zuidplas","","","",""
"GR0544","5","Vixia","Vixia","","","",""
"GR0682","1","GR Samenwerking De Liemers","GR Samenwerking De Liemers","","","",""
"GR0695","4","Baanbrekers","Baanbrekers","","","",""
"GR0698","4","AQUON","AQUON","","","",""
"GR0700","3","Omgevingsdienst Haaglanden","Omgevingsdienst Haaglanden","","","",""
"GR0701","4","Bestuursdienst Ommen-Hardenberg","Bestuursdienst Ommen-Hardenberg","","","",""
"GR0702","4","Waddenfonds","Waddenfonds","","","",""
"GR0703","4","Orionis Walcheren","Orionis Walcheren","","","",""
"GR0710","4","RDWI Kromme Rijn Heuvelrug","RDWI Kromme Rijn Heuvelrug","","","",""
"GR0066","3","Veiligheidsregio Brabant-Noord","Veiligheidsregio Brabant-Noord","","","",""
"GR0098","2","Havenschap Moerdijk","Havenschap Moerdijk","","","",""
"GR0137","3","Samenwerkingsverband Welzijnzorg Ooste..","Samenwerkingsverband Welzijnzorg Oosterschelde Regio","","","",""
"GR0244","3","Sallcon GR","Sallcon GR","","","",""
"GR0264","3","IJmond Werkt!","IJmond Werkt!","","","",""
"GR0270","2","Werkvoorzieningsschap Avelingen Groep","Werkvoorzieningsschap Avelingen Groep","","","",""
"GR0285","3","Werkvoorzieningschap Aanvullende Arbei..","Werkvoorzieningschap Aanvullende Arbeid Venlo Eo","","","",""
"GR0340","3","GGD Hollands Noorden","GGD Hollands Noorden","","","",""
"GR0444","3","GGD Midden-Nederland","GGD Midden-Nederland","","","",""
"GR0497","3","Veiligheidsregio Midden en West-Brabant","Veiligheidsregio Midden en West-Brabant","","","",""
"GR0525","3","Veiligheidsregio Noord- en Oost-Gelder..","Veiligheidsregio Noord- en Oost-Gelderland","","","",""
"GR0552","3","Gezamelijke Brandweer","Gezamelijke Brandweer","","","",""
"GR0579","3","ISD Veluwerand","ISD Veluwerand","","","",""
"GR0605","3","ISD Optimisd","ISD Optimisd","","","",""
"GR0638","3","Veiligheidsregio Flevoland","Veiligheidsregio Flevoland","","","",""
"GR0645","3","Sociale Dienst Oost Achterhoek","Sociale Dienst Oost Achterhoek","","","",""
"GR0666","3","GR Het Plein","GR Het Plein","","","",""
"GR0676","3","Veiligheidsregio Hollands Midden","Veiligheidsregio Hollands Midden","","","",""
"GR0681","3","Werk-/Leerbedrijf NoardEast Fryslân (N..","Werk-/Leerbedrijf NoardEast Fryslân (N..","","","",""
"GR0705","3","Noaberkracht Dinkelland Tubbergen","Noaberkracht Dinkelland Tubbergen","","","",""
"GR0708","3","RAV Brabant Midden-West-Noord","RAV Brabant Midden-West-Noord","","","",""
"GR0712","3","Omgevingsdienst Midden en West-Brabant","Omgevingsdienst Midden en West-Brabant","","","",""
"GR0713","3","Omgevingsdienst Midden-Holland","Omgevingsdienst Midden-Holland","","","",""
"GR0714","3","Werkorganisatie Duivenvoorde","Werkorganisatie Duivenvoorde","","","",""
"GR0828","3","BAR-ORGANISATIE","BAR-ORGANISATIE","","","",""
"GR0834","3","Werkorganisatie CGM","Werkorganisatie CGM","","","",""
"GR0266","2","WerkSaam Westfriesland","WerkSaam Westfriesland","","","",""
"GR0829","2","Gemeenschappelijke Regeling IJsselgeme..","Gemeenschappelijke Regeling IJsselgemeenten","","","",""
"GR0830","2","Metropoolregio Rotterdam Den Haag","Metropoolregio Rotterdam Den Haag","","","",""
"GR0831","2","Gemeenschappelijke Regeling Metropoolr..","Gemeenschappelijke Regeling Metropoolregio Eindhoven","","","",""
"GR0832","2","Samenwerkingsorganisatie De Wolden Hoo..","Samenwerkingsorganisatie De Wolden Hoogeveen","","","",""
"GR0833","2","SED organisatie","SED organisatie","","","",""
"GR0835","2","Gemeenschappelijke Regeling Hart van B..","Gemeenschappelijke Regeling Hart van Brabant","","","",""
"GM1945","1","Berg en Dal","Naamswijziging per 01-01-2016","","","",""
"GM1940","1","De Fryske Marren","Naamswijziging per 01-01-2016","","","",""
"GM1942","1","Gooise Meren","Ontstaan per 01-01-2016","","","",""
"GR0861","1","AVRI","AVRI","","","",""
"GR0717","1","GB Lococensus-Tricijn (GBLT)","GB Lococensus-Tricijn (GBLT)","","","",""
"GR0857","1","Gemeenschappelijke Regeling Avres","Gemeenschappelijke Regeling Avres","","","",""
"GR0842","1","Gemeenschappelijke Regeling Jeugdhulp ..","Gemeenschappelijke Regeling Jeugdhulp Rijnmond","","","",""
"GR0845","1","Gemeenschappelijke Regeling Werkmaatsc..","Gemeenschappelijke Regeling Werkmaatschappij 8KTD","","","",""
"GR0855","1","Gemeenschappelijke Regeling Werkzaak R..","Gemeenschappelijke Regeling Werkzaak Rivierenland","","","",""
"GR0540","1","GR De Betho","GR De Betho","","","",""
"GR0684","1","GR Regio West-Brabant","GR Regio West-Brabant","","","",""
"GR0853","1","GR samenwerking Boxtel-Sint Michielsge..","GR samenwerking Boxtel-Sint Michielsgestel \'De Meierij\'","","","",""
"GR0614","1","IGSD Steenwijkerland-Westerveld","IGSD Steenwijkerland-Westerveld","","","",""
"GR0603","1","ISD Noordenkwartier","ISD Noordenkwartier","","","",""
"GR0840","1","MGR Rijk van Nijmegen","MGR Rijk van Nijmegen","","","",""
"GR0691","1","Servicepunt71","Servicepunt71","","","",""
"GR0616","1","Veiligheidsregio Drenthe","Veiligheidsregio Drenthe","","","",""
"GR0637","1","Veiligheidsregio Gooi en Vechtstreek","Veiligheidsregio Gooi en Vechtstreek","","","",""
"GR0823","1","Veiligheidsregio Groningen","Veiligheidsregio Groningen","","","",""
"GR0679","1","Veiligheidsregio Twente","Veiligheidsregio Twente","","","",""
"GR0619","1","Veiligheidsregio Zeeland","Veiligheidsregio Zeeland","","","",""
"GR0706","1","Veiligheidsregio Zuid-Limburg","Veiligheidsregio Zuid-Limburg","","","",""
"GR0719","1","Werk en Inkomen Lekstroom (WIL)","Werk en Inkomen Lekstroom (WIL)","","","",""
"GR0269","1","Werkvoorzieningsschap Kust- Duin- en B..","Werkvoorzieningsschap Kust- Duin- en Bollenstreek","","","",""
"WS30","1","Waterschap Drents Overijsselse Delta","Waterschap Drents Overijsselse Delta","","","",""
"GM0480","4","Ter Aar","","0480","7","",""
"GM0360","1","Akersloot","","0360","6","",""
"GM0483","4","Alkemade","","0483","7","Alkema 483","1"
"","","Ambt Delden","","0142","5","",""
"GM1679","4","Ambt Montfort","","1679","7","",""
"GM0306","4","Amerongen","","0306","7","",""
"GM0199","4","Angerlo","","0199","7","",""
"GM0885","4","Arcen en Velden","","0885","7","",""
"","","Avereest","","0143","5","Averee 143","1"
"GM0650","4","Axel","","0650","7","",""
"GM0144","4","Bathmen","","0144","7","",""
"GM0888","4","Beek","","0888","7","Beek 888","1"
"","","Belfeld","","0890","5","",""
"GM0206","4","Bemmel","","0206","7","Bemmel 206","1"
"GM0372","4","Bennebroek","","0372","7","",""
"","","Bergen","","0893","10","",""
"GM0207","4","Bergh","","0207","7","",""
"GM0492","4","Bergschenhoek","","0492","7","",""
"GM0493","4","Berkel en Rodenrijs","","0493","7","",""
"GM0495","4","Bleiswijk","","0495","7","Bleisw 495","1"
"GM0211","4","Borculo","","0211","7","Borcul 211","1"
"","","Born","","0897","5","Born 897","1"
"","","Brederwiede","","0194","5","",""
"","","Broekhuizen","","0898","5","",""
"GM0065","4","Dantumadeel","","0065","7","Dantum 65","1"
"GM0149","4","Denekamp","","0149","7","Deneka 149","1"
"GM0218","4","Didam","","0218","7","Didam 218","1"
"","","Diepenheim","","0151","5","",""
"GM0219","4","Dinxperlo","","0219","7","Dinxpe 219","1"
"","","Dodewaard","","0220","6","",""
"GM0315","4","Doorn","","0315","7","Doorn 315","1"
"GM0316","4","Driebergen-Rijsenburg","","0316","7","",""
"GM0902","4","Echt","","0902","7","Echt 902","1"
"","","Echteld","","0227","6","",""
"","","Egmond","","0357","5","",""
"GM0229","4","Eibergen","","0229","7","Eiberg 229","1"
"","","Elst","","0231","5","Elst 231","1"
"GM0781","4","Geldrop","","0781","7","Geldro 781","1"
"","","Geleen","","0906","5","Geleen 906","1"
"GM0237","4","Gendringen","","0237","7","Gendri 237","1"
"","","Gendt","","0238","5","",""
"","","Genemuiden","","0154","5","",""
"","","Goor","","0156","5","Goor 156","1"
"GM0239","4","Gorssel","","0239","7","",""
"","","Gramsbergen","","0157","5","",""
"","","'s-Graveland","","0390","6","",""
"GM0517","4","'s-Gravendeel","","0517","7","",""
"GM0518","4","'s-Gravenhage","","0518","7","",""
"GM0519","4","'s-Gravenzande","","0519","7","",""
"GM0240","4","Groenlo","","0240","7","Groenl 240","1"
"PV20","9","Groningen","","0014","7","Gronin 14","1"
"","","Grubbenvorst","","0912","5","",""
"GM0393","4","Haarlemmerliede c.a.","","0393","7","",""
"GM0914","4","Haelen","","0914","7","Haelen 914","1"
"","","Den Ham","","0159","5","Den Ha 159","1"
"","","Harmelen","","0318","5","",""
"","","Hasselt","","0161","5","",""
"GM1937","4","Heel","","1937","7","",""
"GM0526","4","Heerjansdam","","0526","7","",""
"","","Heino","","0162","5","",""
"GM0918","4","Helden","","0918","7","Helden 918","1"
"","","Hengelo","","0248","10","",""
"","","Heteren","","0251","5","",""
"GM0920","4","Heythuysen","","0920","7","Heythu 920","1"
"","","Holten","","0165","5","Holten 165","1"
"GM0675","4","Hontenisse","","0675","7","",""
"","","Horst","","0923","5","Horst 923","1"
"","","Huissen","","0255","5","Huisse 255","1"
"GM0256","4","Hummelo en Keppel","","0256","7","",""
"GM0925","4","Hunsel","","0925","7","",""
"","","IJsselham","","0195","5","",""
"","","IJsselmuiden","","0191","5","",""
"GM0645","4","Jacobswoude","","0645","7","",""
"GM0929","4","Kessel","","0929","7","",""
"GM0258","4","Kesteren","","0258","7","Kester 258","1"
"GM0079","4","Kollumerland c.a.","","0079","7","",""
"GM0417","4","Laren","","0417","7","Laren 417","1"
"GM0326","4","Leersum","","0326","7","",""
"","","Leidschendam","","0548","6","Leidsc 548","1"
"GM0260","4","Lichtenvoorde","","0260","7","Lichte 260","1"
"GM1673","4","Liemeer","","1673","7","",""
"GM0552","4","De Lier","","0552","7","De Lie 552","1"
"","","Limmen","","0418","6","",""
"","","Loosdrecht","","0330","6","",""
"GM0332","4","Maarn","","0332","7","Maarn 332","1"
"","","Maartensdijk","","0334","5","",""
"GM0933","4","Maasbracht","","0933","7","",""
"GM0934","4","Maasbree","","0934","7","",""
"GM0555","4","Maasland","","0555","7","",""
"","","Markelo","","0169","5","",""
"GM0993","4","Meerlo-Wanssum","","0993","7","",""
"GM0941","4","Meijel","","0941","7","",""
"GM0687","4","Middelburg","","0687","7","Middel 687","1"
"GM0814","4","Mierlo","","0814","7","",""
"GM0562","4","Monster","","0562","7","Monste 562","1"
"GM0563","4","Moordrecht","","0563","7","",""
"GM0565","4","Naaldwijk","","0565","7","Naaldw 565","1"
"","","Nederhorst den Berg","","0426","6","",""
"GM0266","4","Neede","","0266","7","",""
"GM0567","4","Nieuwerkerk aan den IJssel","","0567","7","Nieuwe 567","1"
"","","Nieuwleusen","","0170","5","Nieuwl 170","1"
"GM0529","4","Noorder-Koggenland","","0529","7","",""
"","","Nootdorp","","0577","6","",""
"GM0820","4","Nuenen c.a.","","0820","7","",""
"GM0429","4","Obdam","","0429","7","",""
"GM0174","4","Olst","","0174","7","Olst 174","1"
"GM0692","4","Oostburg","","0692","7","Oostbu 692","1"
"","","Ootmarsum","","0176","5","",""
"","","Pijnacker","","0594","6","Pijnac 594","1"
"GM0835","4","Ravenstein","","0835","7","Ravens 835","1"
"GM1661","4","Reiderland","","1661","7","",""
"GM0602","4","Rijnsburg","","0602","7","Rijnsb 602","1"
"GM0178","4","Rijssen","","0178","7","Rijsse 178","1"
"GM0603","4","Rijswijk","","0603","7","Rijswi 603","1"
"GM1670","4","Roggel en Neer","","1670","7","",""
"GM0278","4","Ruurlo","","0278","7","",""
"GM0704","4","Sas van Gent","","0704","7","",""
"GM0604","4","Sassenheim","","0604","7","Sassen 604","1"
"GM0039","4","Scheemda","","0039","7","Scheem 39","1"
"GM0607","4","Schipluiden","","0607","7","",""
"","","Schoorl","","0444","5","",""
"GM0964","4","Sevenum","","0964","7","",""
"","","Sittard","","0968","5","Sittar 968","1"
"GM1698","4","Sluis-Aardenburg","","1698","7","",""
"","","Stad Delden","","0179","5","",""
"GM0280","4","Steenderen","","0280","7","",""
"GM0181","4","Steenwijk","","0181","7","Steenw 181","1"
"GM0971","4","Stein","","0971","7","Stein 971","1"
"GM0974","4","Susteren","","0974","7","",""
"GM0975","4","Swalmen","","0975","7","Swalme 975","1"
"","","Tegelen","","0976","5","Tegele 976","1"
"GM0977","4","Thorn","","0977","7","",""
"PV26","9","Utrecht","","0344","7","Utrech 344","1"
"","","Valburg","","0283","5","Valbur 283","1"
"GM0619","4","Valkenburg","","0619","7","",""
"GM0454","4","Venhuizen","","0454","7","",""
"","","Vleuten-De Meern","","0347","5","",""
"","","Voorburg","","0624","6","Voorbu 624","1"
"GM0625","4","Voorhout","","0625","7","Voorho 625","1"
"GM0286","4","Vorden","","0286","7","Vorden 286","1"
"GM0186","4","Vriezenveen","","0186","7","Vrieze 186","1"
"GM0628","4","Warmond","","0628","7","",""
"GM0291","4","Warnsveld","","0291","7","Warnsv 291","1"
"GM0630","4","Wateringen","","0630","7","",""
"","","Weerselo","","0188","5","",""
"GM0292","4","Wehl","","0292","7","",""
"GM0558","4","Wester-Koggenland","","0558","7","",""
"","","Wijhe","","0190","5","Wijhe 190","1"
"GM0052","4","Winschoten","","0052","7","Winsch 52","1"
"GM0295","4","Wisch","","0295","7","Wisch 295","1"
"GM0466","4","Wognum","","0466","7","",""
"GM0298","4","Zelhem","","0298","7","",""
"GM1666","4","Zevenhuizen-Moerkapelle","","1666","7","",""
"","","Zwartsluis","","0192","5","Zwarts 192","1"
"PV21","4","Friesland","","","","",""
"PV22","4","Drenthe","","","","",""
"PV23","4","Overijssel","","","","",""
"PV25","4","Gelderland","","","","",""
"PV27","4","Noord-Holland","","","","",""
"PV28","4","Zuid-Holland","","","","",""
"PV29","4","Zeeland","","","","",""
"PV30","4","Noord-Brabant","","","","",""
"PV31","4","Limburg","","","","",""
"GM0248","4","Hengelo (Gld.)","","0248","2","",""
"PV24","3","Flevoland","","","","",""
"","","'s Gravenhage","Grenswijziging per 01-01-2002;. <br>- ontvangen van Leidschendam (0548),. <br>... 825 hectare met 2247 woningen en 7317 inwoners. <br>- ontvangen van Nootdorp (0577),. <br>... 231 hectare met 1018 woningen en 2743 inwoners. <br>- ontvangen van Rijswijk (ZH.) (0603),. <br>... 363 hectare met 2166 woningen en 5887 inwoners","","","Graven 518","1"
"","","'s Gravenzande","","","","Graven 519","1"
"","","'s Hertogenbosch","","","","Hertog 796","1"
"","","Hoevelaken","","0253","4","Hoevel 253","1"
"","","Middenveld","","1697","2","Midden 1697","1"
"GM0484","1","Alphen a/d Rijn","Gemeentelijke herindeling per 01-01-2014, ontvangen van:. <br>- Alphen aan den Rijn (GM0484). <br>- Boskoop (GM0499). <br>- Rijnwoude (GM1672). <br>. <br>Grenswijziging per 01-01-1991, overgegaan naar:. <br>- Nieuwkoop (GM0569),. <br>… 16 hectare met 0 woningen en 0 inwoners. <br>- Rijneveld (GM0646),. <br>… 0 hectare met 0 woningen en 0 inwoners. <br>. <br>Wijziging per 01-02-1964, ontvangen van:. <br>- Bodegraven (GM0497),. <br>… 23 hectare met 52 inwoners. <br>- Zwammerdam (GM1244),. <br>… 96 hectare met 1011 inwoners. <br>Wijziging per 01-02-1964, overgegaan naar:. <br>- Boskoop (GM0499),. <br>… 451 hectare met 510 inwoners. <br>. <br>Begindatum 01-01-1918. <br>","","","",""
"GM9999","1","Overige gemeenten","Totaal van alle gemeenten met minder dan 100 000 inwoners van het geselecteerde jaar.","","","",""
"GM0063","4","Het Bildt","","","","",""
"GM0710","4","W-nseradiel","","","","",""
"","","Ammerzoden","","0198","3","",""
"","","Bergeyk","","0749","3","",""
"","","Brakel","","0212","3","",""
"","","Budel","","0759","3","",""
"","","Diepenveen","","0152","3","",""
"","","Ferwerderadeel","","0068","3","",""
"","","Gulpen","","0913","3","",""
"","","Hedel","","0245","3","",""
"","","Heerewaarden","","0247","3","",""
"","","Kerkwijk","","0257","3","",""
"","","Lienden","","0261","3","",""
"","","Made","","1665","2","",""
"","","Maurik","","0264","3","",""
"","","Rossum","","0276","3","",""
"","","Wittem","","0990","3","",""
"","","Zevenbergen","","0878","3","",""
"","","Zuidlaren","","0136","4","",""
"GM0518","1","s-Gravenhage","","","","",""
"GM0796","1","s-Hertogenbosch","","","","",""
"WS01","2","Waterschap Groot Salland (WS)","WS = Waterschap. <br>Waterschappen zijn overheidsorganen waarop de waterschapswet van toepassing is.. <br>Onder waterschappen vallen ook hoogheemraadschappen.. <br>Ze hebben als taak om de waterhuishouding te regelen (zorgen voor droge voeten en schoon water).. <br>De indeling is voor het laatst herzien op 1 januari 2016 en telt vanaf die datum 22 waterschappen.. <br>Het gebied van een waterschap wordt niet bepaald door gemeente- of provinciegrenzen, maar door stroomgebieden of afwateringsgebieden.. <br>Dit waterschap is per 1/1/2016 opgegaan in Waterschap Drents Overijsselse Delta.","","","",""
"WS02","2","Waterschap Rijn en IJssel (WS)","WS = Waterschap. <br>Waterschappen zijn overheidsorganen waarop de waterschapswet van toepassing is.. <br>Onder waterschappen vallen ook hoogheemraadschappen.. <br>Ze hebben als taak om de waterhuishouding te regelen (zorgen voor droge voeten en schoon water).. <br>De indeling is voor het laatst herzien op 1 januari 2016 en telt vanaf die datum 22 waterschappen.. <br>Het gebied van een waterschap wordt niet bepaald door gemeente- of provinciegrenzen, maar door stroomgebieden of afwateringsgebieden.","","","",""
"WS03","2","Waterschap Veluwe (WS)","WS = Waterschap. <br>Waterschappen zijn overheidsorganen waarop de waterschapswet van toepassing is.. <br>Onder waterschappen vallen ook hoogheemraadschappen.. <br>Ze hebben als taak om de waterhuishouding te regelen (zorgen voor droge voeten en schoon water).. <br>De indeling is voor het laatst herzien op 1 januari 2016 en telt vanaf die datum 22 waterschappen.. <br>Het gebied van een waterschap wordt niet bepaald door gemeente- of provinciegrenzen, maar door stroomgebieden of afwateringsgebieden.. <br>Dit waterschap is per 1/1/2013 opgegaan in Waterschap Vallei en Veluwe.","","","",""
"WS04","2","Waterschap Vallei & Eem (WS)","WS = Waterschap. <br>Waterschappen zijn overheidsorganen waarop de waterschapswet van toepassing is.. <br>Onder waterschappen vallen ook hoogheemraadschappen.. <br>Ze hebben als taak om de waterhuishouding te regelen (zorgen voor droge voeten en schoon water).. <br>De indeling is voor het laatst herzien op 1 januari 2016 en telt vanaf die datum 22 waterschappen.. <br>Het gebied van een waterschap wordt niet bepaald door gemeente- of provinciegrenzen, maar door stroomgebieden of afwateringsgebieden.. <br>Dit waterschap is per 1/1/2013 opgegaan in Waterschap Vallei en Veluwe.","","","",""
"WS05","2","Hhs Amstel, Gooi en Vecht (WS)","Hoogheemraadschap Amstel, Gooi en Vecht. <br>WS = Waterschap. <br>Waterschappen zijn overheidsorganen waarop de waterschapswet van toepassing is.. <br>Onder waterschappen vallen ook hoogheemraadschappen.. <br>Ze hebben als taak om de waterhuishouding te regelen (zorgen voor droge voeten en schoon water).. <br>De indeling is voor het laatst herzien op 1 januari 2016 en telt vanaf die datum 22 waterschappen.. <br>Het gebied van een waterschap wordt niet bepaald door gemeente- of provinciegrenzen, maar door stroomgebieden of afwateringsgebieden.","","","",""
"WS06","2","Waterschap Regge & Dinkel (WS)","WS = Waterschap. <br>Waterschappen zijn overheidsorganen waarop de waterschapswet van toepassing is.. <br>Onder waterschappen vallen ook hoogheemraadschappen.. <br>Ze hebben als taak om de waterhuishouding te regelen (zorgen voor droge voeten en schoon water).. <br>De indeling is voor het laatst herzien op 1 januari 2016 en telt vanaf die datum 22 waterschappen.. <br>Het gebied van een waterschap wordt niet bepaald door gemeente- of provinciegrenzen, maar door stroomgebieden of afwateringsgebieden.. <br>Dit waterschap is per 1/1/2014 opgegaan in Waterschap Vechtstromen.","","","",""
"WS07","2","Hoogheemraadschap van Delfland (WS)","WS = Waterschap. <br>Waterschappen zijn overheidsorganen waarop de waterschapswet van toepassing is.. <br>Onder waterschappen vallen ook hoogheemraadschappen.. <br>Ze hebben als taak om de waterhuishouding te regelen (zorgen voor droge voeten en schoon water).. <br>De indeling is voor het laatst herzien op 1 januari 2016 en telt vanaf die datum 22 waterschappen.. <br>Het gebied van een waterschap wordt niet bepaald door gemeente- of provinciegrenzen, maar door stroomgebieden of afwateringsgebieden.","","","",""
"WS08","2","Waterschap Zeeuws-Vlaanderen (WS)","WS = Waterschap. <br>Waterschappen zijn overheidsorganen waarop de waterschapswet van toepassing is.. <br>Onder waterschappen vallen ook hoogheemraadschappen.. <br>Ze hebben als taak om de waterhuishouding te regelen (zorgen voor droge voeten en schoon water).. <br>De indeling is voor het laatst herzien op 1 januari 2016 en telt vanaf die datum 22 waterschappen.. <br>Het gebied van een waterschap wordt niet bepaald door gemeente- of provinciegrenzen, maar door stroomgebieden of afwateringsgebieden.. <br>Dit waterschap is per 1/1/2011 opgegaan in Waterschap Scheldestromen.","","","",""
"WS09","2","Waterschap Zeeuwse Eilanden (WS)","WS = Waterschap. <br>Waterschappen zijn overheidsorganen waarop de waterschapswet van toepassing is.. <br>Onder waterschappen vallen ook hoogheemraadschappen.. <br>Ze hebben als taak om de waterhuishouding te regelen (zorgen voor droge voeten en schoon water).. <br>De indeling is voor het laatst herzien op 1 januari 2016 en telt vanaf die datum 22 waterschappen.. <br>Het gebied van een waterschap wordt niet bepaald door gemeente- of provinciegrenzen, maar door stroomgebieden of afwateringsgebieden.. <br>Dit waterschap is per 1/1/2011 opgegaan in Waterschap Scheldestromen.","","","",""
"WS10","2","Waterschap De Dommel (WS)","WS = Waterschap. <br>Waterschappen zijn overheidsorganen waarop de waterschapswet van toepassing is.. <br>Onder waterschappen vallen ook hoogheemraadschappen.. <br>Ze hebben als taak om de waterhuishouding te regelen (zorgen voor droge voeten en schoon water).. <br>De indeling is voor het laatst herzien op 1 januari 2016 en telt vanaf die datum 22 waterschappen.. <br>Het gebied van een waterschap wordt niet bepaald door gemeente- of provinciegrenzen, maar door stroomgebieden of afwateringsgebieden.","","","",""
"WS11","2","Waterschap Roer en Overmaas (WS)","WS = Waterschap. <br>Waterschappen zijn overheidsorganen waarop de waterschapswet van toepassing is.. <br>Onder waterschappen vallen ook hoogheemraadschappen.. <br>Ze hebben als taak om de waterhuishouding te regelen (zorgen voor droge voeten en schoon water).. <br>De indeling is voor het laatst herzien op 1 januari 2016 en telt vanaf die datum 22 waterschappen.. <br>Het gebied van een waterschap wordt niet bepaald door gemeente- of provinciegrenzen, maar door stroomgebieden of afwateringsgebieden.","","","",""
"WS12","2","Hoogheemraadschap van Rijnland (WS)","WS = Waterschap. <br>Waterschappen zijn overheidsorganen waarop de waterschapswet van toepassing is.. <br>Onder waterschappen vallen ook hoogheemraadschappen.. <br>Ze hebben als taak om de waterhuishouding te regelen (zorgen voor droge voeten en schoon water).. <br>De indeling is voor het laatst herzien op 1 januari 2016 en telt vanaf die datum 22 waterschappen.. <br>Het gebied van een waterschap wordt niet bepaald door gemeente- of provinciegrenzen, maar door stroomgebieden of afwateringsgebieden.","","","",""
"WS13","2","Waterschap Rivierenland (WS)","WS = Waterschap. <br>Waterschappen zijn overheidsorganen waarop de waterschapswet van toepassing is.. <br>Onder waterschappen vallen ook hoogheemraadschappen.. <br>Ze hebben als taak om de waterhuishouding te regelen (zorgen voor droge voeten en schoon water).. <br>De indeling is voor het laatst herzien op 1 januari 2016 en telt vanaf die datum 22 waterschappen.. <br>Het gebied van een waterschap wordt niet bepaald door gemeente- of provinciegrenzen, maar door stroomgebieden of afwateringsgebieden.","","","",""
"WS14","2","Hhs De Stichtse Rijnlanden (WS)","Hoogheemraadschap De Stichtse Rijnlanden. <br>WS = Waterschap. <br>Waterschappen zijn overheidsorganen waarop de waterschapswet van toepassing is.. <br>Onder waterschappen vallen ook hoogheemraadschappen.. <br>Ze hebben als taak om de waterhuishouding te regelen (zorgen voor droge voeten en schoon water).. <br>De indeling is voor het laatst herzien op 1 januari 2016 en telt vanaf die datum 22 waterschappen.. <br>Het gebied van een waterschap wordt niet bepaald door gemeente- of provinciegrenzen, maar door stroomgebieden of afwateringsgebieden.","","","",""
"WS15","2","Waterschap Peel en Maasvallei (WS)","WS = Waterschap. <br>Waterschappen zijn overheidsorganen waarop de waterschapswet van toepassing is.. <br>Onder waterschappen vallen ook hoogheemraadschappen.. <br>Ze hebben als taak om de waterhuishouding te regelen (zorgen voor droge voeten en schoon water).. <br>De indeling is voor het laatst herzien op 1 januari 2016 en telt vanaf die datum 22 waterschappen.. <br>Het gebied van een waterschap wordt niet bepaald door gemeente- of provinciegrenzen, maar door stroomgebieden of afwateringsgebieden.","","","",""
"WS16","2","Waterschap Hunze en Aa's (WS)","WS = Waterschap. <br>Waterschappen zijn overheidsorganen waarop de waterschapswet van toepassing is.. <br>Onder waterschappen vallen ook hoogheemraadschappen.. <br>Ze hebben als taak om de waterhuishouding te regelen (zorgen voor droge voeten en schoon water).. <br>De indeling is voor het laatst herzien op 1 januari 2016 en telt vanaf die datum 22 waterschappen.. <br>Het gebied van een waterschap wordt niet bepaald door gemeente- of provinciegrenzen, maar door stroomgebieden of afwateringsgebieden.","","","",""
"WS17","2","Waterschap Noorderzijlvest (WS)","WS = Waterschap. <br>Waterschappen zijn overheidsorganen waarop de waterschapswet van toepassing is.. <br>Onder waterschappen vallen ook hoogheemraadschappen.. <br>Ze hebben als taak om de waterhuishouding te regelen (zorgen voor droge voeten en schoon water).. <br>De indeling is voor het laatst herzien op 1 januari 2016 en telt vanaf die datum 22 waterschappen.. <br>Het gebied van een waterschap wordt niet bepaald door gemeente- of provinciegrenzen, maar door stroomgebieden of afwateringsgebieden.","","","",""
"WS18","2","Waterschap Reest en Wieden (WS)","WS = Waterschap. <br>Waterschappen zijn overheidsorganen waarop de waterschapswet van toepassing is.. <br>Onder waterschappen vallen ook hoogheemraadschappen.. <br>Ze hebben als taak om de waterhuishouding te regelen (zorgen voor droge voeten en schoon water).. <br>De indeling is voor het laatst herzien op 1 januari 2016 en telt vanaf die datum 22 waterschappen.. <br>Het gebied van een waterschap wordt niet bepaald door gemeente- of provinciegrenzen, maar door stroomgebieden of afwateringsgebieden.. <br>Dit waterschap is per 1/1/2016 opgegaan in Waterschap Drents Overijsselse Delta.","","","",""
"WS19","2","Waterschap Velt en Vecht (WS)","WS = Waterschap. <br>Waterschappen zijn overheidsorganen waarop de waterschapswet van toepassing is.. <br>Onder waterschappen vallen ook hoogheemraadschappen.. <br>Ze hebben als taak om de waterhuishouding te regelen (zorgen voor droge voeten en schoon water).. <br>De indeling is voor het laatst herzien op 1 januari 2016 en telt vanaf die datum 22 waterschappen.. <br>Het gebied van een waterschap wordt niet bepaald door gemeente- of provinciegrenzen, maar door stroomgebieden of afwateringsgebieden.. <br>Dit waterschap is per 1/1/2014 opgegaan in Waterschap Vechtstromen.","","","",""
"WS20","2","Waterschap Zuiderzeeland (WS)","WS = Waterschap. <br>Waterschappen zijn overheidsorganen waarop de waterschapswet van toepassing is.. <br>Onder waterschappen vallen ook hoogheemraadschappen.. <br>Ze hebben als taak om de waterhuishouding te regelen (zorgen voor droge voeten en schoon water).. <br>De indeling is voor het laatst herzien op 1 januari 2016 en telt vanaf die datum 22 waterschappen.. <br>Het gebied van een waterschap wordt niet bepaald door gemeente- of provinciegrenzen, maar door stroomgebieden of afwateringsgebieden.","","","",""
"WS21","2","Hhs Hollands Noorderkwartier (WS)","Hoogheemraadschap Hollands Noorderkwartier.. <br>WS = Waterschap. <br>Waterschappen zijn overheidsorganen waarop de waterschapswet van toepassing is.. <br>Onder waterschappen vallen ook hoogheemraadschappen.. <br>Ze hebben als taak om de waterhuishouding te regelen (zorgen voor droge voeten en schoon water).. <br>De indeling is voor het laatst herzien op 1 januari 2016 en telt vanaf die datum 22 waterschappen.. <br>Het gebied van een waterschap wordt niet bepaald door gemeente- of provinciegrenzen, maar door stroomgebieden of afwateringsgebieden.","","","",""
"WS22","2","Waterschap Brabantse Delta (WS)","WS = Waterschap. <br>Waterschappen zijn overheidsorganen waarop de waterschapswet van toepassing is.. <br>Onder waterschappen vallen ook hoogheemraadschappen.. <br>Ze hebben als taak om de waterhuishouding te regelen (zorgen voor droge voeten en schoon water).. <br>De indeling is voor het laatst herzien op 1 januari 2016 en telt vanaf die datum 22 waterschappen.. <br>Het gebied van een waterschap wordt niet bepaald door gemeente- of provinciegrenzen, maar door stroomgebieden of afwateringsgebieden.","","","",""
"WS23","2","Wetterskip Fryslân (WS)","WS = Waterschap. <br>Waterschappen zijn overheidsorganen waarop de waterschapswet van toepassing is.. <br>Onder waterschappen vallen ook hoogheemraadschappen.. <br>Ze hebben als taak om de waterhuishouding te regelen (zorgen voor droge voeten en schoon water).. <br>De indeling is voor het laatst herzien op 1 januari 2016 en telt vanaf die datum 22 waterschappen.. <br>Het gebied van een waterschap wordt niet bepaald door gemeente- of provinciegrenzen, maar door stroomgebieden of afwateringsgebieden.","","","",""
"WS24","2","Waterschap Aa en Maas (WS)","WS = Waterschap. <br>Waterschappen zijn overheidsorganen waarop de waterschapswet van toepassing is.. <br>Onder waterschappen vallen ook hoogheemraadschappen.. <br>Ze hebben als taak om de waterhuishouding te regelen (zorgen voor droge voeten en schoon water).. <br>De indeling is voor het laatst herzien op 1 januari 2016 en telt vanaf die datum 22 waterschappen.. <br>Het gebied van een waterschap wordt niet bepaald door gemeente- of provinciegrenzen, maar door stroomgebieden of afwateringsgebieden.","","","",""
"WS25","2","Waterschap Hollandse Delta (WS)","WS = Waterschap. <br>Waterschappen zijn overheidsorganen waarop de waterschapswet van toepassing is.. <br>Onder waterschappen vallen ook hoogheemraadschappen.. <br>Ze hebben als taak om de waterhuishouding te regelen (zorgen voor droge voeten en schoon water).. <br>De indeling is voor het laatst herzien op 1 januari 2016 en telt vanaf die datum 22 waterschappen.. <br>Het gebied van een waterschap wordt niet bepaald door gemeente- of provinciegrenzen, maar door stroomgebieden of afwateringsgebieden.","","","",""
"WS26","2","Hhs van Schieland en Krimpenerwaard (WS)","Hoogheemraadschap van Schieland en Krimpenerwaard.. <br>WS = Waterschap. <br>Waterschappen zijn overheidsorganen waarop de waterschapswet van toepassing is.. <br>Onder waterschappen vallen ook hoogheemraadschappen.. <br>Ze hebben als taak om de waterhuishouding te regelen (zorgen voor droge voeten en schoon water).. <br>De indeling is voor het laatst herzien op 1 januari 2016 en telt vanaf die datum 22 waterschappen.. <br>Het gebied van een waterschap wordt niet bepaald door gemeente- of provinciegrenzen, maar door stroomgebieden of afwateringsgebieden.","","","",""
"WS27","2","Waterschap Scheldestromen (WS)","WS = Waterschap. <br>Waterschappen zijn overheidsorganen waarop de waterschapswet van toepassing is.. <br>Onder waterschappen vallen ook hoogheemraadschappen.. <br>Ze hebben als taak om de waterhuishouding te regelen (zorgen voor droge voeten en schoon water).. <br>De indeling is voor het laatst herzien op 1 januari 2016 en telt vanaf die datum 22 waterschappen.. <br>Het gebied van een waterschap wordt niet bepaald door gemeente- of provinciegrenzen, maar door stroomgebieden of afwateringsgebieden.. <br>Dit waterschap is per 1/1/2011 ontstaan door fusie van Waterschap Zeeuws-Vlaanderen met Waterschap Zeeuwse Eilanden.","","","",""
"WS28","2","Waterschap Vallei en Veluwe (WS)","WS = Waterschap. <br>Waterschappen zijn overheidsorganen waarop de waterschapswet van toepassing is.. <br>Onder waterschappen vallen ook hoogheemraadschappen.. <br>Ze hebben als taak om de waterhuishouding te regelen (zorgen voor droge voeten en schoon water).. <br>De indeling is voor het laatst herzien op 1 januari 2016 en telt vanaf die datum 22 waterschappen.. <br>Het gebied van een waterschap wordt niet bepaald door gemeente- of provinciegrenzen, maar door stroomgebieden of afwateringsgebieden.. <br>Dit waterschap is per 1/1/2013 ontstaan door fusie van Waterschap Veluwe met Waterschap Vallei & Eem.","","","",""
"WS29","2","Waterschap Vechtstromen (WS)","WS = Waterschap. <br>Waterschappen zijn overheidsorganen waarop de waterschapswet van toepassing is.. <br>Onder waterschappen vallen ook hoogheemraadschappen.. <br>Ze hebben als taak om de waterhuishouding te regelen (zorgen voor droge voeten en schoon water).. <br>De indeling is voor het laatst herzien op 1 januari 2016 en telt vanaf die datum 22 waterschappen.. <br>Het gebied van een waterschap wordt niet bepaald door gemeente- of provinciegrenzen, maar door stroomgebieden of afwateringsgebieden.. <br>Dit waterschap is per 1/1/2014 ontstaan door fusie van Waterschap Regge & Dinkel met Waterschap Velt en Vecht.","","","",""
"WS89","1","Waterschapsbedrijf Limburg","Het Waterschapsbedrijf Limburg is een samenwerkingsverband (gemeenschappelijke regeling) van de Limburgse waterschappen Peel en Maasvallei en Roer en Overmaas.","","","",""
"WS30","1","Waterschap Drents Overijsselse Delta(WS)","WS = Waterschap. <br>Waterschappen zijn overheidsorganen waarop de waterschapswet van toepassing is.. <br>Onder waterschappen vallen ook hoogheemraadschappen.. <br>Ze hebben als taak om de waterhuishouding te regelen (zorgen voor droge voeten en schoon water).. <br>De indeling is voor het laatst herzien op 1 januari 2016 en telt vanaf die datum 22 waterschappen.. <br>Het gebied van een waterschap wordt niet bepaald door gemeente- of provinciegrenzen, maar door stroomgebieden of afwateringsgebieden.. <br>Dit waterschap is per 1/1/2016 ontstaan door fusie van Waterschap Groot Salland met Waterschap Reest en Wieden.","","","",""
"","","Aarle-Rixtel","","0739","1","",""
"","","Alphen en Riel","","0741","1","",""
"","","Anloo","","0105","2","",""
"","","Arnemuiden","","0649","1","",""
"","","Bakel en Milheeze","","0745","1","",""
"","","Beek en Donk","","0746","1","",""
"","","Beilen","","0107","2","",""
"","","Berkel-Enschot","","0751","1","",""
"","","Bladel en Netersel","","0754","1","",""
"","","Borger","","0108","2","",""
"","","Brouwershaven","","0656","1","",""
"","","Bruinisse","","0657","1","",""
"","","Chaam","","0760","1","",""
"","","Dalen","","0110","2","",""
"","","Diessen","","0763","1","",""
"","","Diever","","0111","2","",""
"","","Dinteloord en Prinsenland","","0764","1","",""
"","","Domburg","","0660","1","",""
"","","Drunen","","0767","1","",""
"","","Duiveland","","0662","1","",""
"","","Dussen","","0769","1","",""
"","","Dwingeloo","","0112","2","",""
"","","Eelde","","0113","2","",""
"","","Fijnaart en Heijningen","","0778","1","",""
"","","Gasselte","","0115","2","",""
"","","Gemert","","0782","1","",""
"","","Gieten","","0116","2","",""
"","","'s Gravenmoer","","0787","1","",""
"","","Halsteren","","0789","1","",""
"","","Havelte","","0117","2","",""
"","","Heeze","","0793","1","",""
"","","Hoeven","","0799","1","",""
"","","Hooge en Lage Mierde","","0801","1","",""
"","","Hooge en Lage Zwaluwe","","0802","1","",""
"","","Hoogeloon c.a.","","0800","1","",""
"","","Huijbergen","","0803","1","",""
"","","Klundert","","0804","1","",""
"","","Leende","","0805","1","",""
"","","Lieshout","","0807","1","",""
"","","Luyksgestel","","0810","1","",""
"","","Maarheeze","","0811","1","",""
"","","Made en Drimmelen","","0812","1","",""
"","","Mariekerke","","0686","1","",""
"","","Middenschouwen","","0688","1","",""
"","","Moergestel","","0816","1","",""
"","","Nieuw-Ginneken","","0817","1","",""
"","","Nieuw-Vossemeer","","0818","1","",""
"","","Nijeveen","","0121","2","",""
"","","Norg","","0120","2","",""
"","","Odoorn","","0122","2","",""
"","","Oost-, West- en Middelbeers","","0825","1","",""
"","","Oosterhesselen","","0123","2","",""
"","","Ossendrecht","","0829","1","",""
"","","Oud en Nieuw Gastel","","0831","1","",""
"","","Oudenbosch","","0830","1","",""
"","","Peize","","0124","2","",""
"","","Prinsenbeek","","0832","1","",""
"","","Putte","","0833","1","",""
"","","Raamsdonk","","0834","1","",""
"","","Reusel","","0836","1","",""
"","","Riethoven","","0837","1","",""
"","","Rijsbergen","","0841","1","",""
"","","Roden","","0125","2","",""
"","","Rolde","","0126","2","",""
"","","Roosendaal en Nispen","","0838","1","",""
"","","Ruinen","","0127","2","",""
"","","Ruinerwold","","0128","2","",""
"","","Schoonebeek","","0129","2","",""
"","","Sleen","","0130","2","",""
"","","Smilde","","0131","2","",""
"","","Sprang-Capelle","","0849","1","",""
"","","Standdaarbuiten","","0850","1","",""
"","","Stramproy","","0973","2","",""
"","","Terheijden","","0853","1","",""
"","","Teteringen","","0854","1","",""
"","","Udenhout","","0857","1","",""
"","","Valkenisse","","0720","1","",""
"","","Vessem c.a.","","0862","1","",""
"","","Vierlingsbeek","","0863","2","",""
"","","Vledder","","0132","2","",""
"","","Vlijmen","","0864","1","",""
"","","Vries","","0133","2","",""
"","","Waspik","","0869","1","",""
"","","Westerbork","","0134","2","",""
"","","Westerhoven","","0871","1","",""
"","","Westerschouwen","","0725","1","",""
"","","Westkapelle","","0726","1","",""
"","","de Wijk","","0135","2","",""
"","","Willemstad","","0872","1","",""
"","","Wouw","","0875","1","",""
"","","Zierikzee","","0732","1","",""
"","","Zuidwolde","","0137","2","",""
"","","Zweeloo","","0138","2","",""
"","","Reusel- De Mierden","","1667","1","",""
