"cbsId","cbsIdCount","cbsName","cbsComment"
"GM1680","11","Aa en Hunze",""
"GM0738","11","Aalburg",""
"GM0358","11","Aalsmeer",""
"GM0197","11","Aalten",""
"GM0059","11","Achtkarspelen",""
"GM0482","11","Alblasserdam",""
"GM0613","11","Albrandswaard",""
"GM0361","12","Alkmaar",""
"GM0141","11","Almelo",""
"GM0034","13","Almere",""
"GM0484","11","Alphen aan den Rijn",""
"GM1723","11","Alphen-Chaam",""
"GM0060","11","Ameland",""
"GM0307","13","Amersfoort",""
"GM0362","11","Amstelveen",""
"GM0363S85","5","Amsterdam - Centrale Stad",""
"GM0363S56","4","Amsterdam - stadsdeel Centrum",""
"GM0363S90","4","Amsterdam - stadsdeel Nieuw-West",""
"GM0363S10","4","Amsterdam - stadsdeel Noord",""
"GM0363S88","4","Amsterdam - stadsdeel Oost",""
"GM0363S91","4","Amsterdam - stadsdeel West",""
"GM0363S89","4","Amsterdam - stadsdeel Zuid",""
"GM0363S17","4","Amsterdam - stadsdeel Zuidoost",""
"GM0200","13","Apeldoorn",""
"GM0003","11","Appingedam",""
"GM0202","13","Arnhem",""
"GM0106","11","Assen",""
"GM0743","11","Asten",""
"GM0744","11","Baarle-Nassau",""
"GM0308","11","Baarn",""
"GM0489","11","Barendrecht",""
"GM0203","11","Barneveld",""
"GM0005","11","Bedum",""
"GM0888","7","Beek (L.)","Begindatum 02-01-1839"
"GM0370","11","Beemster",""
"GM0889","11","Beesel",""
"GM0007","11","Bellingwedde",""
"GM0491","9","Bergambacht",""
"GM1724","11","Bergeijk",""
"GM0893","11","Bergen (L.)",""
"GM0373","11","Bergen (NH.)",""
"GM0748","11","Bergen op Zoom",""
"GM1859","7","Berkelland","Ontstaan per 01-01-2005"
"GM1721","11","Bernheze",""
"GM0568","9","Bernisse",""
"GM0753","11","Best",""
"GM0209","11","Beuningen",""
"GM0375","11","Beverwijk",""
"GM0063","7","het Bildt","Begindatum voor 1830"
"GM0310","11","De Bilt",""
"GM0585","11","Binnenmaas",""
"GM1728","11","Bladel",""
"GM0376","11","Blaricum",""
"GM0377","11","Bloemendaal",""
"GM0055","8","Boarnsterhim",""
"GM1901","6","Bodegraven-Reeuwijk","Ontstaan per 01-01-2011"
"GM0755","11","Boekel",""
"GM0009","11","Ten Boer",""
"GM1681","11","Borger-Odoorn",""
"GM0147","11","Borne",""
"GM0654","11","Borsele",""
"GM0499","8","Boskoop",""
"GM0756","11","Boxmeer",""
"GM0757","11","Boxtel",""
"GM0758","13","Breda",""
"GM0501","11","Brielle",""
"GM1876","7","Bronckhorst","Ontstaan per 01-01-2005"
"GM0213","11","Brummen",""
"GM0899","11","Brunssum",""
"GM0312","11","Bunnik",""
"GM0313","11","Bunschoten",""
"GM0214","11","Buren",""
"GM0381","10","Bussum",""
"GM0502","11","Capelle aan den IJssel",""
"GM0383","11","Castricum",""
"GM0109","11","Coevorden",""
"GM1706","11","Cranendonck",""
"GM0611","11","Cromstrijen",""
"GM1684","11","Cuijk",""
"GM0216","11","Culemborg",""
"GM0148","11","Dalfsen",""
"GM1891","7","Dantumadiel","Naamswijziging per 01-01-2009"
"GM0503","12","Delft",""
"GM0010","11","Delfzijl",""
"GM0762","11","Deurne",""
"GM0150","11","Deventer",""
"GM0384","11","Diemen",""
"GM1774","11","Dinkelland","Naamswijziging per 01-01-2003 oude naam: Denekamp."
"GM0504","7","Dirksland",""
"GM0221","11","Doesburg",""
"GM0222","11","Doetinchem",""
"GM0766","11","Dongen",""
"GM0058","11","Dongeradeel",""
"GM0505","13","Dordrecht",""
"GM0498","11","Drechterland",""
"GM1719","11","Drimmelen",""
"GM0303","11","Dronten",""
"GM0225","11","Druten",""
"GM0226","11","Duiven",""
"GM1711","11","Echt-Susteren","Nieuw gevormd per 01-01-2003 uit: Echt, Susteren."
"GM0385","11","Edam-Volendam",""
"GM0228","13","Ede",""
"GM0317","11","Eemnes",""
"GM1651","11","Eemsmond",""
"GM0770","11","Eersel",""
"GM1903","6","Eijsden-Margraten","Ontstaan per 01-01-2011"
"GM0772","13","Eindhoven",""
"GM0230","11","Elburg",""
"GM0114","13","Emmen",""
"GM0388","11","Enkhuizen",""
"GM0153","12","Enschede",""
"GM0232","11","Epe",""
"GM0233","11","Ermelo",""
"GM0777","11","Etten-Leur",""
"GM1722","11","Ferwerderadiel",""
"GM0070","11","Franekeradeel",""
"GM0653","8","Gaasterlân-Sleat",""
"GM0779","11","Geertruidenberg",""
"GM0236","11","Geldermalsen",""
"GM1771","11","Geldrop-Mierlo","Nieuw gevormd per 01-01-2004 uit: Geldrop, Mierlo."
"GM1652","11","Gemert-Bakel",""
"GM0907","11","Gennep",""
"GM0689","11","Giessenlanden",""
"GM0784","11","Gilze en Rijen",""
"GM0511","7","Goedereede",""
"GM0664","11","Goes",""
"GM0785","11","Goirle",""
"GM0512","11","Gorinchem",""
"GM0513","11","Gouda",""
"GM0693","7","Graafstroom",""
"GM0365","9","Graft-De Rijp",""
"GM0786","11","Grave",""
"GM0518","8","'s-Gravenhage (gemeente)","Grenswijziging per 01-01-2009, overgegaan naar:. <br>- Rijswijk (GM0603),. <br>... 20 hectare met 0 woningen en 0 inwoners. <br>. <br>Grenswijziging per 01-01-2005, overgegaan naar:. <br>- Leidschendam-Voorburg (GM1916),. <br>... 2 hectare met 0 woningen en 0 inwoners. <br>. <br>Grenswijziging per 01-01-2002, ontvangen van:. <br>- Leidschendam (GM0548),. <br>... 825 hectare met 2247 woningen en 7317 inwoners. <br>- Nootdorp (GM0577),. <br>... 231 hectare met 1018 woningen en 2743 inwoners. <br>- Pijnacker (GM0594),. <br>... 93 hectare met 26 woningen en 76 inwoners. <br>- Rijswijk (ZH.) (GM0603),. <br>... 363 hectare met 2166 woningen en 5887 inwoners. <br>- Voorburg (GM0624),. <br>... 1 hectare met 0 woningen en 0 inwoners. <br>. <br>Begindatum voor 1830. <br>. <br>"
"GM0241","10","Groesbeek",""
"GM0014","13","Groningen (gemeente)",""
"GM0015","11","Grootegast",""
"GM1729","11","Gulpen-Wittem",""
"GM0158","11","Haaksbergen",""
"GM0788","11","Haaren",""
"GM0392","13","Haarlem",""
"GM0393","7","Haarlemmerliede en Spaarnwoude","Begindatum 13-06-1857"
"GM0394","13","Haarlemmermeer",""
"GM1655","11","Halderberge",""
"GM0160","11","Hardenberg",""
"GM0243","11","Harderwijk",""
"GM0523","11","Hardinxveld-Giessendam",""
"GM0017","11","Haren",""
"GM0395","7","Harenkarspel",""
"GM0072","11","Harlingen",""
"GM0244","11","Hattem",""
"GM0396","11","Heemskerk",""
"GM0397","11","Heemstede",""
"GM0246","11","Heerde",""
"GM0074","11","Heerenveen",""
"GM0398","11","Heerhugowaard",""
"GM0917","11","Heerlen",""
"GM1658","11","Heeze-Leende",""
"GM0399","11","Heiloo",""
"GM0400","11","Den Helder",""
"GM0163","11","Hellendoorn",""
"GM0530","11","Hellevoetsluis",""
"GM0794","11","Helmond",""
"GM0531","11","Hendrik-Ido-Ambacht",""
"GM0164","11","Hengelo (O.)",""
"GM0796","12","'s-Hertogenbosch",""
"GM0252","11","Heumen",""
"GM0797","11","Heusden",""
"GM0534","11","Hillegom",""
"GM0798","11","Hilvarenbeek",""
"GM0402","11","Hilversum",""
"GM1735","11","Hof van Twente",""
"GM1911","5","Hollands Kroon","Ontstaan per 01-01-2012"
"GM0118","11","Hoogeveen",""
"GM0018","11","Hoogezand-Sappemeer",""
"GM0405","11","Hoorn",""
"GM1507","11","Horst aan de Maas",""
"GM0321","11","Houten",""
"GM0406","11","Huizen",""
"GM0677","11","Hulst","Grenscorrectie per 01-01-2003 over naar Hulst: Hontenisse."
"GM0353","11","IJsselstein",""
"GM1884","7","Kaag en Braassem","Ontstaan per 01-01-2009"
"GM0166","11","Kampen",""
"GM0678","11","Kapelle",""
"GM0537","11","Katwijk",""
"GM0928","11","Kerkrade",""
"GM1598","7","Koggenland","Ontstaan per 01-01-2007"
"GM0079","7","Kollumerland en Nieuwkruisland","Begindatum voor 1830"
"GM0588","11","Korendijk",""
"GM0542","11","Krimpen aan den IJssel",""
"GM1659","11","Laarbeek",""
"GM1685","11","Landerd",""
"GM0882","11","Landgraaf",""
"GM0415","11","Landsmeer",""
"GM0416","11","Langedijk",""
"GM1621","7","Lansingerland","Ontstaan per 01-01-2007"
"GM0417","7","Laren (NH.)","Begindatum voor 1830"
"GM0022","11","Leek",""
"GM0545","11","Leerdam",""
"GM0080","12","Leeuwarden",""
"GM0081","11","Leeuwarderadeel",""
"GM0546","13","Leiden",""
"GM0547","11","Leiderdorp",""
"GM1916","11","Leidschendam-Voorburg",""
"GM0995","11","Lelystad",""
"GM0082","8","Lemsterland",""
"GM1640","7","Leudal","Ontstaan per 01-01-2007"
"GM0327","11","Leusden",""
"GM0694","7","Liesveld",""
"GM0733","11","Lingewaal",""
"GM1705","11","Lingewaard","Naamswijziging per 01-01-2003 oude naam: Bemmel."
"GM0553","11","Lisse",""
"GM0140","11","Littenseradiel",""
"GM0262","11","Lochem",""
"GM0809","11","Loon op Zand",""
"GM0331","11","Lopik",""
"GM0024","11","Loppersum",""
"GM0168","11","Losser",""
"GM1671","9","Maasdonk",""
"GM0263","11","Maasdriel",""
"GM1641","7","Maasgouw","Ontstaan per 01-01-2007"
"GM0556","11","Maassluis","Grenscorrectie per 1-1-2004."
"GM0935","13","Maastricht",""
"GM1663","11","De Marne",""
"GM0025","11","Marum",""
"GM0420","11","Medemblik",""
"GM0938","11","Meerssen",""
"GM1908","6","Menameradiel","Naamswijziging per 01-01-2011"
"GM1987","11","Menterwolde",""
"GM0119","11","Meppel",""
"GM0687","7","Middelburg (Z.)","Gemeentelijke herindeling per 01-01-1997. <br>Begindatum voor 1830"
"GM0559","7","Middelharnis",""
"GM1842","11","Midden-Delfland","Nieuw gevormd per 01-01-2004 uit: Maasland, Schipluiden."
"GM1731","11","Midden-Drenthe",""
"GM0815","11","Mill en Sint Hubert",""
"GM0265","9","Millingen aan de Rijn",""
"GM1709","11","Moerdijk",""
"GM1955","7","Montferland","Ontstaan per 01-01-2005"
"GM0335","11","Montfoort",""
"GM0944","11","Mook en Middelaar",""
"GM0424","10","Muiden",""
"GM0425","10","Naarden",""
"GM1740","11","Neder-Betuwe","Nieuw gevormd per 1-1-2004 oude naam: Kesteren."
"GM0643","9","Nederlek",""
"GM0946","11","Nederweert",""
"GM0304","11","Neerijnen",""
"GM0356","11","Nieuwegein",""
"GM0569","11","Nieuwkoop",""
"GM0571","7","Nieuw-Lekkerland",""
"GM0267","11","Nijkerk",""
"GM0268","13","Nijmegen",""
"GM1695","11","Noord-Beveland",""
"GM1699","11","Noordenveld",""
"GM0171","11","Noordoostpolder",""
"GM0575","11","Noordwijk",""
"GM0576","11","Noordwijkerhout",""
"GM0820","7","Nuenen, Gerwen en Nederwetten","Begindatum voor 1830"
"GM0302","11","Nunspeet",""
"GM0951","11","Nuth",""
"GM0579","11","Oegstgeest",""
"GM0823","11","Oirschot",""
"GM0824","11","Oisterwijk",""
"GM1895","7","Oldambt","Ontstaan per 01-01-2010"
"GM0269","11","Oldebroek",""
"GM0173","11","Oldenzaal",""
"GM1773","11","Olst-Wijhe","Naamswijziging per 01-01-2003 oude naam: Olst."
"GM0175","11","Ommen",""
"GM0881","11","Onderbanken",""
"GM1586","7","Oost Gelre","Naamswijziging per 19-05-2006"
"GM0826","11","Oosterhout",""
"GM0580","7","Oostflakkee",""
"GM0085","11","Ooststellingwerf",""
"GM0431","11","Oostzaan",""
"GM0432","11","Opmeer",""
"GM0086","11","Opsterland",""
"GM0828","11","Oss","Grenscorrectie per 01-01-2003 over naar Oss: Ravenstein."
"GM0584","11","Oud-Beijerland",""
"GM1509","7","Oude IJsselstreek","Ontstaan per 01-01-2005"
"GM0437","11","Ouder-Amstel",""
"GM0644","9","Ouderkerk",""
"GM0589","11","Oudewater",""
"GM1734","11","Overbetuwe",""
"GM0590","11","Papendrecht",""
"GM1894","7","Peel en Maas","Ontstaan per 01-01-2010"
"GM0765","11","Pekela",""
"GM1926","11","Pijnacker-Nootdorp",""
"GM0439","11","Purmerend",""
"GM0273","11","Putten",""
"GM0177","11","Raalte",""
"GM0703","11","Reimerswaal",""
"GM0274","11","Renkum",""
"GM0339","11","Renswoude",""
"GM1667","11","Reusel-De Mierden",""
"GM0275","11","Rheden",""
"GM0340","11","Rhenen",""
"GM0597","11","Ridderkerk",""
"GM0196","11","Rijnwaarden",""
"GM1672","8","Rijnwoude",""
"GM1742","11","Rijssen-Holten","Naamswijziging per 01-01-2004 oude naam: Rijssen."
"GM0603","7","Rijswijk (ZH.)","Begindatum voor 1830"
"GM1669","11","Roerdalen",""
"GM0957","11","Roermond",""
"GM0736","11","De Ronde Venen",""
"GM1674","11","Roosendaal",""
"GM0599D01","5","Rotterdam - Concern","dg = deelgemeente"
"GM0599D63","5","Rotterdam - dg Centrum","dg = deelgemeente"
"GM0599D06","5","Rotterdam - dg Charlois","dg = deelgemeente"
"GM0599D12","5","Rotterdam - dg Delfshaven","dg = deelgemeente"
"GM0599D11","5","Rotterdam - dg Feijenoord","dg = deelgemeente"
"GM0599D05","5","Rotterdam - dg Hillegersberg Schiebroek","dg = deelgemeente"
"GM0599D07","5","Rotterdam - dg Hoek v. Holland","dg = deelgemeente"
"GM0599D08","5","Rotterdam - dg Hoogvliet","dg = deelgemeente"
"GM0599D02","5","Rotterdam - dg IJsselmonde","dg = deelgemeente"
"GM0599D04","5","Rotterdam - dg Kralingen-Crooswijk","dg = deelgemeente"
"GM0599D10","5","Rotterdam - dg Noord","dg = deelgemeente"
"GM0599D03","5","Rotterdam - dg Overschie","dg = deelgemeente"
"GM0599D64","5","Rotterdam - dg Pernis","dg = deelgemeente"
"GM0599D09","5","Rotterdam - dg Prins Alexander","dg = deelgemeente"
"GM0599D13","5","Rotterdam - dg Rozenburg","dg = deelgemeente"
"GM0277","11","Rozendaal",""
"GM0840","11","Rucphen",""
"GM0441","11","Schagen",""
"GM0458","9","Schermer",""
"GM0279","11","Scherpenzeel",""
"GM0606","11","Schiedam",""
"GM0088","11","Schiermonnikoog",""
"GM0844","11","Schijndel",""
"GM0962","11","Schinnen",""
"GM0608","9","Schoonhoven",""
"GM1676","11","Schouwen-Duiveland",""
"GM0965","11","Simpelveld",""
"GM1702","11","Sint Anthonis",""
"GM0845","11","Sint-Michielsgestel",""
"GM0846","11","Sint-Oedenrode",""
"GM1883","11","Sittard-Geleen",""
"GM0051","8","Skarsterlân",""
"GM0610","11","Sliedrecht",""
"GM0040","11","Slochteren",""
"GM1714","11","Sluis","Nieuw gevormd per 01-01-2003 uit: Sluis-Aardenburg, Oostburg."
"GM0090","11","Smallingerland",""
"GM0342","11","Soest",""
"GM0847","11","Someren",""
"GM0848","11","Son en Breugel",""
"GM0612","9","Spijkenisse",""
"GM0037","11","Stadskanaal",""
"GM0180","11","Staphorst",""
"GM0532","11","Stede Broec",""
"GM0851","11","Steenbergen",""
"GM1708","11","Steenwijkerland","Naamswijziging per 01-01-2003 oude naam: Steenwijk."
"GM0971","7","Stein (L.)","Begindatum 02-01-1839"
"GM1904","6","Stichtse Vecht","Ontstaan per 01-01-2011"
"GM0617","11","Strijen",""
"GM1900","6","Súdwest-Fryslân","Ontstaan per 01-01-2011"
"GM0715","11","Terneuzen","Grenscorrectie per 01-01-2003 over naar Terneuzen: Axel, Sas van Gent."
"GM0093","11","Terschelling",""
"GM0448","11","Texel",""
"GM1525","7","Teylingen","Ontstaan per 01-01-2006"
"GM0716","11","Tholen",""
"GM0281","11","Tiel",""
"GM0855","13","Tilburg",""
"GM0183","11","Tubbergen",""
"GM1700","11","Twenterand","Naamswijziging per 01-01-2003 oude naam: Vriezenveen."
"GM1730","11","Tynaarlo",""
"GM0737","11","Tytsjerksteradiel",""
"GM0282","9","Ubbergen",""
"GM0856","11","Uden",""
"GM0450","11","Uitgeest",""
"GM0451","11","Uithoorn",""
"GM0184","11","Urk",""
"GM0344","13","Utrecht (gemeente)",""
"GM1581","7","Utrechtse Heuvelrug","Ontstaan per 01-01-2006"
"GM0981","11","Vaals",""
"GM0994","11","Valkenburg aan de Geul",""
"GM0858","11","Valkenswaard",""
"GM0047","11","Veendam",""
"GM0345","11","Veenendaal",""
"GM0717","11","Veere",""
"GM0860","11","Veghel",""
"GM0861","11","Veldhoven",""
"GM0453","11","Velsen",""
"GM0983","12","Venlo",""
"GM0984","11","Venray",""
"GM0620","11","Vianen",""
"GM0622","11","Vlaardingen",""
"GM0048","11","Vlagtwedde",""
"GM0096","11","Vlieland",""
"GM0718","11","Vlissingen",""
"GM0623","9","Vlist",""
"GM0986","11","Voerendaal",""
"GM0626","11","Voorschoten",""
"GM0285","11","Voorst",""
"GM0865","11","Vught",""
"GM0866","11","Waalre",""
"GM0867","11","Waalwijk",""
"GM0627","11","Waddinxveen",""
"GM0289","11","Wageningen",""
"GM0629","11","Wassenaar",""
"GM0852","11","Waterland",""
"GM0988","11","Weert",""
"GM0457","11","Weesp",""
"GM0870","11","Werkendam",""
"GM0668","11","West Maas en Waal",""
"GM1701","11","Westerveld",""
"GM0293","11","Westervoort",""
"GM1783","12","Westland","Nieuw gevormd per 01-01-2004 uit: 's-Gravenzande, De Lier, Monster,. <br>Naaldwijk en Wateringen."
"GM0098","11","Weststellingwerf",""
"GM0614","11","Westvoorne",""
"GM0189","11","Wierden","Grenscorrectie per 01-01-2004."
"GM0296","11","Wijchen",""
"GM1696","11","Wijdemeren",""
"GM0352","11","Wijk bij Duurstede",""
"GM0053","11","Winsum",""
"GM0294","11","Winterswijk",""
"GM0873","11","Woensdrecht",""
"GM0632","11","Woerden",""
"GM1690","11","De Wolden",""
"GM0880","11","Wormerland",""
"GM0351","11","Woudenberg",""
"GM0874","11","Woudrichem",""
"GM0479","13","Zaanstad",""
"GM0297","11","Zaltbommel",""
"GM0473","11","Zandvoort",""
"GM0707","11","Zederik",""
"GM0478","10","Zeevang",""
"GM0050","11","Zeewolde",""
"GM0355","11","Zeist",""
"GM0299","11","Zevenaar",""
"GM0476","7","Zijpe",""
"GM0637","13","Zoetermeer",""
"GM0638","11","Zoeterwoude",""
"GM0056","11","Zuidhorn",""
"GM1892","7","Zuidplas","Ontstaan per 01-01-2010"
"GM0879","11","Zundert",""
"GM0301","11","Zutphen",""
"GM1896","11","Zwartewaterland",""
"GM0642","11","Zwijndrecht","Grenscorrectie per 01-01-2003."
"GM0193","13","Zwolle",""
"GM1924","4","Goeree-Overflakkee","Ontstaan per 01-01-2013"
"GM1927","4","Molenwaard","Ontstaan per 01-01-2013"
"GM0363","9","Amsterdam",""
"GM1921","2","De Friese Meren","Gemeentelijke herindeling per 01-01-2014. <br>Ontstaan per 01-01-2014"
"GM0599","9","Rotterdam",""
"GM1931","2","Krimpenerwaard","Gemeentelijke herindeling per 01-01-2015. <br>Ontstaan per 01-01-2015"
"GM1930","2","Nissewaard","Gemeentelijke herindeling per 01-01-2015. <br>Ontstaan per 01-01-2015"
"GM0305","5","Abcoude",""
"GM0363S02","1","Amsterdam - Stadsdeel Westerpark",""
"GM0363S03","1","Amsterdam - Stadsdeel Slotervaart",""
"GM0363S05","1","Amsterdam - Stadsdeel Osdorp",""
"GM0363S08","1","Amsterdam - Stadsdeel Oud-West",""
"GM0363S11","1","Amsterdam - Stadsdeel Bos en Lommer",""
"GM0363S12","1","Amsterdam - Stadsdeel de Baarsjes",""
"GM0363S13","1","Amsterdam - sd Geuzenveld-Slotermeer","sd = stadsdeel"
"GM0363S16","1","Amsterdam - Stadsdeel Zeeburg",""
"GM0363S18","1","Amsterdam - Stadsdeel Oud-Zuid",""
"GM0363S57","1","Amsterdam - Stadsdeel Zuideramstel",""
"GM0363S62","1","Amsterdam - sd Oost-Watergraafsmeer","sd = stadsdeel"
"GM0364","5","Andijk",""
"GM0366","6","Anna Paulowna",""
"GM0497","5","Bodegraven",""
"GM0064","5","Bolsward",""
"GM0311","5","Breukelen",""
"GM0905","5","Eijsden",""
"GM0808","5","Lith",""
"GM0329","5","Loenen",""
"GM0333","5","Maarssen",""
"GM0936","5","Margraten",""
"GM0083","5","Menaldumadeel",""
"GM0412","6","Niedorp",""
"GM0104","5","Nijefurd",""
"GM0595","5","Reeuwijk",""
"GM0600","5","Rozenburg",""
"GM0091","5","Sneek",""
"GM0459","5","Wervershoof",""
"GM0462","6","Wieringen",""
"GM0463","6","Wieringermeer",""
"GM0710","4","W-nseradiel",""
"GM0683","5","Wymbritseradiel",""
"PV20","11","Groningen (PV)",""
"PV21","7","Friesland (PV)","PV = Provincie. <br>. <br>Bestuurlijke onderverdeling van het Nederlands grondgebied. Sinds het instellen van de provincie Flevoland per 1 januari 1986 telt Nederland 12 provincies."
"PV22","7","Drenthe (PV)","PV = Provincie. <br>. <br>Bestuurlijke onderverdeling van het Nederlands grondgebied. Sinds het instellen van de provincie Flevoland per 1 januari 1986 telt Nederland 12 provincies."
"PV23","7","Overijssel (PV)","PV = Provincie. <br>. <br>Bestuurlijke onderverdeling van het Nederlands grondgebied. Sinds het instellen van de provincie Flevoland per 1 januari 1986 telt Nederland 12 provincies."
"PV24","7","Flevoland (PV)","PV = Provincie. <br>. <br>Bestuurlijke onderverdeling van het Nederlands grondgebied. Sinds het instellen van de provincie Flevoland per 1 januari 1986 telt Nederland 12 provincies."
"PV25","7","Gelderland (PV)","PV = Provincie. <br>. <br>Bestuurlijke onderverdeling van het Nederlands grondgebied. Sinds het instellen van de provincie Flevoland per 1 januari 1986 telt Nederland 12 provincies."
"PV26","11","Utrecht (PV)",""
"PV27","7","Noord-Holland (PV)","PV = Provincie. <br>. <br>Bestuurlijke onderverdeling van het Nederlands grondgebied. Sinds het instellen van de provincie Flevoland per 1 januari 1986 telt Nederland 12 provincies."
"PV28","7","Zuid-Holland (PV)","PV = Provincie. <br>. <br>Bestuurlijke onderverdeling van het Nederlands grondgebied. Sinds het instellen van de provincie Flevoland per 1 januari 1986 telt Nederland 12 provincies."
"PV29","7","Zeeland (PV)","PV = Provincie. <br>. <br>Bestuurlijke onderverdeling van het Nederlands grondgebied. Sinds het instellen van de provincie Flevoland per 1 januari 1986 telt Nederland 12 provincies."
"PV30","7","Noord-Brabant (PV)","PV = Provincie. <br>. <br>Bestuurlijke onderverdeling van het Nederlands grondgebied. Sinds het instellen van de provincie Flevoland per 1 januari 1986 telt Nederland 12 provincies."
"PV31","7","Limburg (PV)","PV = Provincie. <br>. <br>Bestuurlijke onderverdeling van het Nederlands grondgebied. Sinds het instellen van de provincie Flevoland per 1 januari 1986 telt Nederland 12 provincies."
"WS01","6","Waterschap Groot Salland","Waterschap Groot Salland"
"WS02","7","Waterschap Rijn en IJssel","Waterschap Rijn en IJssel"
"WS03","3","Waterschap Veluwe","Waterschap Veluwe"
"WS04","3","Waterschap Vallei En Eem","Waterschap Vallei En Eem"
"WS05","7","Hoogheemraadschap Amstel, Gooi en Vecht","Hoogheemraadschap Amstel, Gooi en Vecht"
"WS06","4","Waterschap Regge En Dinkel","Waterschap Regge En Dinkel"
"WS07","7","Hoogheemraadschap van Delfland","Hoogheemraadschap van Delfland"
"WS08","2","Waterschap Zeeuws-Vlaanderen (WS)","WS = Waterschap. <br>Waterschappen zijn overheidsorganen waarop de waterschapswet van toepassing is.. <br>Onder waterschappen vallen ook hoogheemraadschappen.. <br>Ze hebben als taak om de waterhuishouding te regelen (zorgen voor droge voeten en schoon water).. <br>De indeling is voor het laatst herzien op 1 januari 2016 en telt vanaf die datum 22 waterschappen.. <br>Het gebied van een waterschap wordt niet bepaald door gemeente- of provinciegrenzen, maar door stroomgebieden of afwateringsgebieden.. <br>Dit waterschap is per 1/1/2011 opgegaan in Waterschap Scheldestromen."
"WS09","2","Waterschap Zeeuwse Eilanden (WS)","WS = Waterschap. <br>Waterschappen zijn overheidsorganen waarop de waterschapswet van toepassing is.. <br>Onder waterschappen vallen ook hoogheemraadschappen.. <br>Ze hebben als taak om de waterhuishouding te regelen (zorgen voor droge voeten en schoon water).. <br>De indeling is voor het laatst herzien op 1 januari 2016 en telt vanaf die datum 22 waterschappen.. <br>Het gebied van een waterschap wordt niet bepaald door gemeente- of provinciegrenzen, maar door stroomgebieden of afwateringsgebieden.. <br>Dit waterschap is per 1/1/2011 opgegaan in Waterschap Scheldestromen."
"WS10","7","Waterschap De Dommel","Waterschap De Dommel"
"WS11","7","Waterschap Roer en Overmaas","Waterschap Roer en Overmaas"
"WS12","7","Hoogheemraadschap van Rijnland","Hoogheemraadschap van Rijnland"
"WS13","7","Waterschap Rivierenland","Waterschap Rivierenland"
"WS14","7","Hoogheemraadschap De Stichtse Rijnlanden","Hoogheemraadschap De Stichtse Rijnlanden"
"WS15","7","Waterschap Peel en Maasvallei","Waterschap Peel en Maasvallei"
"WS16","7","Waterschap Hunze en Aa's","Waterschap Hunze en Aa's"
"WS17","7","Waterschap Noorderzijlvest","Waterschap Noorderzijlvest"
"WS18","6","Waterschap Reest en Wieden","Waterschap Reest en Wieden"
"WS19","4","Waterschap Velt En Vecht","Waterschap Velt En Vecht"
"WS20","7","Waterschap Zuiderzeeland","Waterschap Zuiderzeeland"
"WS21","7","Hhs Hollands Noorderkwartier","Hoogheemraadschap Hollands Noorderkwartier."
"WS22","7","Waterschap Brabantse Delta","Waterschap Brabantse Delta"
"WS23","7","Wetterskip Fryslân","Wetterskip Fryslân"
"WS24","7","Waterschap Aa en Maas","Waterschap Aa en Maas"
"WS25","7","Waterschap Hollandse Delta","Waterschap Hollandse Delta"
"WS26","7","Hhs van Schieland en Krimpenerwaard","Hoogheemraadschap van Schieland en Krimpenerwaard"
"WS27","6","Waterschap Scheldestromen","Waterschap Scheldestromen"
"WS28","4","Waterschap Vallei en Veluwe","Waterschap Vallei en Veluwe"
"WS29","3","Waterschap Vechtstromen","Waterschap Vechtstromen"
"GR0001","7","Stadsregio Amsterdam","Stadsregio Amsterdam"
"GR0005","7","Regio Twente","Regio Twente"
"GR0006","7","Gewest Gooi En Vechtstreek","Gewest Gooi En Vechtstreek"
"GR0010","5","Stadsgewest Haaglanden","Stadsgewest Haaglanden"
"GR0011","4","Intergem Samenwerkingsorgaan Midden Ho..","Intergem Samenwerkingsorgaan Midden Holland"
"GR0015","5","Stadsregio Rotterdam","Stadsregio Rotterdam"
"GR0022","6","Bestuur Regio Utrecht","Bestuur Regio Utrecht"
"GR0024","7","Regio Noord Veluwe","Regio Noord Veluwe"
"GR0026","6","Regio Rivierenland","Regio Rivierenland"
"GR0028","6","Servicebureau Gemeenten","Servicebureau Gemeenten"
"GR0030","7","Regio Zuid-Holland Zuid","Regio Zuid-Holland Zuid"
"GR0039","6","Samenwerkingsverband Regio Eindhoven","Samenwerkingsverband Regio Eindhoven"
"GR0233","7","WEDEKA","WEDEKA"
"GR0234","7","Synergon","Synergon"
"GR0240","7","Alescon","Alescon"
"GR0241","7","Werkvoorzieningsschap Reestmond","Werkvoorzieningsschap Reestmond"
"GR0245","7","GR Sociaal Werkleerbedrijf Midden Twente","GR Sociaal Werkleerbedrijf Midden Twente"
"GR0249","6","Werkvoorziening Zwolle Eo","Werkvoorziening Zwolle Eo"
"GR0250","7","Hamelandgroep","Hamelandgroep"
"GR0251","7","Presikhaaf Bedrijven","Presikhaaf Bedrijven"
"GR0252","6","Lander","Lander"
"GR0253","7","Felua Groep","Felua Groep"
"GR0254","7","Permar","Permar"
"GR0255","7","Werkvoorzieningsschap De Oude IJsselst..","Werkvoorzieningsschap De Oude IJsselst.."
"GR0256","6","Werkvoorzieningsschap Nijmegen Eo (Bre..","Werkvoorzieningsschap Nijmegen Eo (Breed)"
"GR0257","7","Delta","Delta"
"GR0258","7","Rwa Bedrijven","Rwa Bedrijven"
"GR0262","7","Tomingroep","Tomingroep"
"GR0263","7","Wnk Bedrijven","Wnk Bedrijven"
"GR0266","5","Op/Maat","Op/Maat"
"GR0267","7","Werkvoorzieningsschap Zuid- Kennemerland","Werkvoorzieningsschap Zuid- Kennemerland"
"GR0273","7","Dienst Sociale Werkvoorziening Rijswij..","Dienst Sociale Werkvoorziening Rijswijk E O"
"GR0281","3","Léte","Léte"
"GR0282","7","Sociaal Werkvoorzieningsschap Dethon","Sociaal Werkvoorzieningsschap Dethon"
"GR0283","3","Werkbedrijf Midden-Langstraat","Werkbedrijf Midden-Langstraat"
"GR0284","7","Wvs groep","Wvs groep"
"GR0287","7","Werkvoorzieningsschap Noord Limburg West","Werkvoorzieningsschap Noord Limburg West"
"GR0292","7","Werkvoorzieningschap De Dommel  (WSD)","Werkvoorzieningschap De Dommel  (WSD)"
"GR0293","7","Emco-Groep","Emco-Groep"
"GR0296","7","Sociale Werkvoorziening Fryslan","Sociale Werkvoorziening Fryslan"
"GR0298","7","Drechtwerk","Drechtwerk"
"GR0299","7","Regeling WVK-groep","Regeling WVK-groep"
"GR0316","7","Afvalbeheer Regio Centraal Groningen","Afvalbeheer Regio Centraal Groningen"
"GR0328","7","Openbaar Lichaam Afvalstoffenverwijder..","Openbaar Lichaam Afvalstoffenverwijdering"
"GR0329","7","Afvalverwijdering Utrecht","Afvalverwijdering Utrecht"
"GR0335","7","DCMR Milieudienst Rijnmond","DCMR Milieudienst Rijnmond"
"GR0400","7","Stadsregio Arnhem Nijmegen","Stadsregio Arnhem Nijmegen"
"GR0401","4","GR Veiligheid & Gezondheidsregio Groni..","GR Veiligheid & Gezondheidsregio Groningen"
"GR0412","7","Reinigingsdiensten RD4","Reinigingsdiensten RD4"
"GR0413","1","Samenwerkingsverband Ypenburg","Samenwerkingsverband Ypenburg"
"GR0421","7","Baanstede","Baanstede"
"GR0425","7","Gem. Reg. Samenwerkingsverband Noord-N..","Gem. Reg. Samenwerkingsverband Noord-Nederland"
"GR0435","7","Dienst Sociale Zaken En Werkgel. Noard..","Dienst Sociale Zaken En Werkgelegenheid Noardwest Fryslan"
"GR0442","7","GGD Hart voor Brabant","GGD Hart voor Brabant"
"GR0446","7","Werkvoorzieningsschap Fryslân-West","Werkvoorzieningsschap Fryslân-West"
"GR0448","7","Atlant Groep","Atlant Groep"
"GR0458","6","Ontwikkelingsmaatschappij Midden-IJsse..","Ontwikkelingsmaatschappij Midden-IJsselmonde"
"GR0462","6","Regionale sociale dienst Alblasserwaar..","Regionale sociale dienst Alblasserwaard-oost/Vijfheerenlanden"
"GR0466","7","Sociale Werkvoorziening Alpen a/d Rijn..","Sociale Werkvoorziening Alpen a/d Rijn.."
"GR0471","7","GGD Flevoland","GGD Flevoland"
"GR0472","7","Westrom","Westrom"
"GR0476","7","Veiligheids- en Gezondheidsregio Gelde..","Veiligheids- en Gezondheidsregio Gelderland"
"GR0485","7","GROGZ West Brabant","GROGZ West Brabant"
"GR0487","1","ISD Zuidwest-Fryslân","ISD Zuidwest-Fryslân"
"GR0494","7","Veiligheidsregio Noord Holland Noord","Veiligheidsregio Noord Holland Noord"
"GR0506","7","Diamantgroep","Diamantgroep"
"GR0508","1","Zeeland Seaports","Zeeland Seaports"
"GR0510","7","Werkvoorzieningsschap Regio Eindhoven ..","Werkvoorzieningsschap Regio Eindhoven .."
"GR0516","3","RSD Kromme Rijn - Heuvelrug","RSD Kromme Rijn - Heuvelrug"
"GR0520","7","GGD Zuid Limburg","GGD Zuid Limburg"
"GR0528","3","Intergemeentelijke Sociale Dienst Midd..","Intergemeentelijke Sociale Dienst Midden Langstraat"
"GR0533","7","Werkvoorzieningsschap Centr. Overijsse..","Werkvoorzieningsschap Centr. Overijsse.."
"GR0539","7","GR Promen","GR Promen"
"GR0542","7","Werkvoorzieningsschap Oostelijk Zuid-L..","Werkvoorzieningsschap Oostelijk Zuid-Limburg"
"GR0587","7","OV-Bureau Groningen Drenthe","OV-Bureau Groningen Drenthe"
"GR0588","7","Veiligheidsregio Utrecht","Veiligheidsregio Utrecht"
"GR0594","7","ISD Noordoost","ISD Noordoost"
"GR0604","1","ISD Oldambt","ISD Oldambt"
"GR0613","5","ISD Kop van Noord Holland","ISD Kop van Noord Holland"
"GR0615","7","ISD Brunssum Onderbanken Landgraaf (IS..","ISD Brunssum Onderbanken Landgraaf (ISD BOL)"
"GR0617","7","Veiligheidsregio Rotterdam-Rijnmond","Veiligheidsregio Rotterdam-Rijnmond"
"GR0620","7","ISD Aa en Hunze Assen Tynaarlo","ISD Aa en Hunze Assen Tynaarlo"
"GR0621","7","Gemeenschappelijke Regeling De Drechts..","Gemeenschappelijke Regeling De Drechtsteden"
"GR0622","3","Sociale Dienst Walcheren","Sociale Dienst Walcheren"
"GR0624","4","Veiligheidsregio Zaanstreek-Waterland","Veiligheidsregio Zaanstreek-Waterland"
"GR0636","7","Veiligheidsregio Amsterdam Amstelland","Veiligheidsregio Amsterdam Amstelland"
"GR0640","7","Veiligheidsregio Kennemerland","Veiligheidsregio Kennemerland"
"GR0644","7","Veiligheidsregio Limburg Noord","Veiligheidsregio Limburg Noord"
"GR0044","6","Veiligheidsregio Haaglanden","Veiligheidsregio Haaglanden"
"GR0639","6","Veiligheidsregio Zuidoost-Brabant","Veiligheidsregio Zuidoost-Brabant"
"GR0660","6","Veiligheidsregio Zuid-Holland Zuid","Veiligheidsregio Zuid-Holland Zuid"
"GR0662","6","De Kompanjie","De Kompanjie"
"GR0663","2","Werkorganisatie DEAL-Gemeenten","Werkorganisatie DEAL-Gemeenten"
"GR0669","6","Omgevingsdienst Zuid-Holland Zuid","Omgevingsdienst Zuid-Holland Zuid"
"GR0076","4","Brandweer Zuid Limburg","Brandweer Zuid Limburg"
"GR0084","2","Groningen Seaports","Groningen Seaports"
"GR0358","5","GGD Brabant Zuidoost","GGD Brabant Zuidoost"
"GR0440","1","Sociale Werkvoorziening Zeist","Sociale Werkvoorziening Zeist"
"GR0447","5","Avalex Regionaal Reinigingsbedrijf","Avalex Regionaal Reinigingsbedrijf"
"GR0460","5","Veiligheidsregio Fryslân","Veiligheidsregio Fryslân"
"GR0461","5","Intergem. Sociale Dienst Bollenstreek","Intergem. Sociale Dienst Bollenstreek"
"GR0511","5","Werkvoorzieningschap Noordoost-Brabant","Werkvoorzieningschap Noordoost-Brabant"
"GR0518","5","Veiligheidsregio Gelderland Zuid","Veiligheidsregio Gelderland Zuid"
"GR0522","5","Regionale Dienst Openbare Gezondheidsz..","Regionale Dienst Openbare Gezondheidszorg Hollands Midden (RDOG)"
"GR0526","2","Grondbank RZG Zuidplas","Grondbank RZG Zuidplas"
"GR0544","5","Vixia","Vixia"
"GR0682","1","GR Samenwerking De Liemers","GR Samenwerking De Liemers"
"GR0695","4","Baanbrekers","Baanbrekers"
"GR0698","4","AQUON","AQUON"
"GR0700","3","Omgevingsdienst Haaglanden","Omgevingsdienst Haaglanden"
"GR0701","4","Bestuursdienst Ommen-Hardenberg","Bestuursdienst Ommen-Hardenberg"
"GR0702","4","Waddenfonds","Waddenfonds"
"GR0703","4","Orionis Walcheren","Orionis Walcheren"
"GR0710","4","RDWI Kromme Rijn Heuvelrug","RDWI Kromme Rijn Heuvelrug"
"GR0066","3","Veiligheidsregio Brabant-Noord","Veiligheidsregio Brabant-Noord"
"GR0098","2","Havenschap Moerdijk","Havenschap Moerdijk"
"GR0137","3","Samenwerkingsverband Welzijnzorg Ooste..","Samenwerkingsverband Welzijnzorg Oosterschelde Regio"
"GR0244","3","Sallcon GR","Sallcon GR"
"GR0264","3","IJmond Werkt!","IJmond Werkt!"
"GR0270","2","Werkvoorzieningsschap Avelingen Groep","Werkvoorzieningsschap Avelingen Groep"
"GR0285","3","Werkvoorzieningschap Aanvullende Arbei..","Werkvoorzieningschap Aanvullende Arbeid Venlo Eo"
"GR0340","3","GGD Hollands Noorden","GGD Hollands Noorden"
"GR0444","3","GGD Midden-Nederland","GGD Midden-Nederland"
"GR0497","3","Veiligheidsregio Midden en West-Brabant","Veiligheidsregio Midden en West-Brabant"
"GR0525","3","Veiligheidsregio Noord- en Oost-Gelder..","Veiligheidsregio Noord- en Oost-Gelderland"
"GR0552","3","Gezamelijke Brandweer","Gezamelijke Brandweer"
"GR0579","3","ISD Veluwerand","ISD Veluwerand"
"GR0605","3","ISD Optimisd","ISD Optimisd"
"GR0638","3","Veiligheidsregio Flevoland","Veiligheidsregio Flevoland"
"GR0645","3","Sociale Dienst Oost Achterhoek","Sociale Dienst Oost Achterhoek"
"GR0666","3","GR Het Plein","GR Het Plein"
"GR0676","3","Veiligheidsregio Hollands Midden","Veiligheidsregio Hollands Midden"
"GR0681","3","Werk-/Leerbedrijf NoardEast Fryslân (N..","Werk-/Leerbedrijf NoardEast Fryslân (N.."
"GR0705","3","Noaberkracht Dinkelland Tubbergen","Noaberkracht Dinkelland Tubbergen"
"GR0708","3","RAV Brabant Midden-West-Noord","RAV Brabant Midden-West-Noord"
"GR0712","3","Omgevingsdienst Midden en West-Brabant","Omgevingsdienst Midden en West-Brabant"
"GR0713","3","Omgevingsdienst Midden-Holland","Omgevingsdienst Midden-Holland"
"GR0714","3","Werkorganisatie Duivenvoorde","Werkorganisatie Duivenvoorde"
"GR0828","3","BAR-ORGANISATIE","BAR-ORGANISATIE"
"GR0834","3","Werkorganisatie CGM","Werkorganisatie CGM"
"GR0829","2","Gemeenschappelijke Regeling IJsselgeme..","Gemeenschappelijke Regeling IJsselgemeenten"
"GR0830","2","Metropoolregio Rotterdam Den Haag","Metropoolregio Rotterdam Den Haag"
"GR0831","2","Gemeenschappelijke Regeling Metropoolr..","Gemeenschappelijke Regeling Metropoolregio Eindhoven"
"GR0832","2","Samenwerkingsorganisatie De Wolden Hoo..","Samenwerkingsorganisatie De Wolden Hoogeveen"
"GR0833","2","SED organisatie","SED organisatie"
"GR0835","2","Gemeenschappelijke Regeling Hart van B..","Gemeenschappelijke Regeling Hart van Brabant"
"GM1945","1","Berg en Dal","Naamswijziging per 01-01-2016"
"GM1940","1","De Fryske Marren","Naamswijziging per 01-01-2016"
"GM1942","1","Gooise Meren","Ontstaan per 01-01-2016"
"GR0861","1","AVRI","AVRI"
"GR0717","1","GB Lococensus-Tricijn (GBLT)","GB Lococensus-Tricijn (GBLT)"
"GR0857","1","Gemeenschappelijke Regeling Avres","Gemeenschappelijke Regeling Avres"
"GR0842","1","Gemeenschappelijke Regeling Jeugdhulp ..","Gemeenschappelijke Regeling Jeugdhulp Rijnmond"
"GR0845","1","Gemeenschappelijke Regeling Werkmaatsc..","Gemeenschappelijke Regeling Werkmaatschappij 8KTD"
"GR0855","1","Gemeenschappelijke Regeling Werkzaak R..","Gemeenschappelijke Regeling Werkzaak Rivierenland"
"GR0540","1","GR De Betho","GR De Betho"
"GR0684","1","GR Regio West-Brabant","GR Regio West-Brabant"
"GR0853","1","GR samenwerking Boxtel-Sint Michielsge..","GR samenwerking Boxtel-Sint Michielsgestel \'De Meierij\'"
"GR0614","1","IGSD Steenwijkerland-Westerveld","IGSD Steenwijkerland-Westerveld"
"GR0603","1","ISD Noordenkwartier","ISD Noordenkwartier"
"GR0840","1","MGR Rijk van Nijmegen","MGR Rijk van Nijmegen"
"GR0691","1","Servicepunt71","Servicepunt71"
"GR0616","1","Veiligheidsregio Drenthe","Veiligheidsregio Drenthe"
"GR0637","1","Veiligheidsregio Gooi en Vechtstreek","Veiligheidsregio Gooi en Vechtstreek"
"GR0823","1","Veiligheidsregio Groningen","Veiligheidsregio Groningen"
"GR0679","1","Veiligheidsregio Twente","Veiligheidsregio Twente"
"GR0619","1","Veiligheidsregio Zeeland","Veiligheidsregio Zeeland"
"GR0706","1","Veiligheidsregio Zuid-Limburg","Veiligheidsregio Zuid-Limburg"
"GR0719","1","Werk en Inkomen Lekstroom (WIL)","Werk en Inkomen Lekstroom (WIL)"
"GR0269","1","Werkvoorzieningsschap Kust- Duin- en B..","Werkvoorzieningsschap Kust- Duin- en Bollenstreek"
"WS30","1","Waterschap Drents Overijsselse Delta","Waterschap Drents Overijsselse Delta"
"GM0480","4","Ter Aar",""
"GM0483","4","Alkemade",""
"GM1679","4","Ambt Montfort",""
"GM0306","4","Amerongen",""
"GM0199","4","Angerlo","."
"GM0885","4","Arcen en Velden",""
"GM0650","4","Axel","Opgeheven per 01-01-2003 over naar: Terneuzen."
"GM0144","4","Bathmen",""
"GM0206","4","Bemmel","Naamswijziging per 01-01-2003 nieuwe naam: Lingewaard."
"GM0372","4","Bennebroek",""
"GM0207","4","Bergh",""
"GM0492","4","Bergschenhoek",""
"GM0493","4","Berkel en Rodenrijs",""
"GM0495","4","Bleiswijk",""
"GM0211","4","Borculo",""
"GM0065","4","Dantumadeel",""
"GM0149","4","Denekamp","Naamswijziging per 01-01-2003 nieuwe naam: Dinkelland."
"GM0218","4","Didam",""
"GM0219","4","Dinxperlo",""
"GM0315","4","Doorn",""
"GM0316","4","Driebergen-Rijsenburg",""
"GM0902","4","Echt","Opgeheven per 01-01-2003 over naar: Echt-Susteren."
"GM0229","4","Eibergen",""
"GM0781","4","Geldrop","Opgeheven per 01-01-2004 over naar: Geldrop-Mierlo."
"GM0237","4","Gendringen",""
"GM0239","4","Gorssel",""
"GM0517","4","'s-Gravendeel",""
"GM0519","4","'s-Gravenzande","Opgeheven per 01-01-2004 over naar: Westland."
"GM0240","4","Groenlo",""
"GM0914","4","Haelen",""
"GM1937","4","Heel",""
"GM0526","4","Heerjansdam","Opgeheven per 01-01-2003 over naar: Zwijndrecht."
"GM0918","4","Helden",""
"GM0248","4","Hengelo (Gld.)",""
"GM0920","4","Heythuysen",""
"GM0675","4","Hontenisse","Opgeheven per 01-01-2003 over naar: Hulst."
"GM0256","4","Hummelo en Keppel",""
"GM0925","4","Hunsel",""
"GM0645","4","Jacobswoude",""
"GM0929","4","Kessel",""
"GM0258","4","Kesteren","Naamswijziging per 1-1-2004 nieuwe naam: Neder-Betuwe."
"GM0326","4","Leersum",""
"GM0260","4","Lichtenvoorde",""
"GM1673","4","Liemeer",""
"GM0552","4","De Lier","Opgeheven per 01-01-2004 over naar: Westland."
"GM0332","4","Maarn",""
"GM0933","4","Maasbracht",""
"GM0934","4","Maasbree",""
"GM0555","4","Maasland","Opgeheven per 01-01-2004 over naar: Midden-Delfland, Westland en. <br>Maassluis."
"GM0993","4","Meerlo-Wanssum",""
"GM0941","4","Meijel",""
"GM0814","4","Mierlo","Opgeheven per 01-01-2004 over naar: Geldrop-Mierlo."
"GM0562","4","Monster","Opgeheven per 01-01-2004 over naar: Westland."
"GM0563","4","Moordrecht",""
"GM0565","4","Naaldwijk","Opgeheven per 01-01-2004 over naar: Westland."
"GM0266","4","Neede","Opgeheven per 01-01-2005 over naar: Berkelland."
"GM0567","4","Nieuwerkerk aan den IJssel",""
"GM0529","4","Noorder-Koggenland",""
"GM0429","4","Obdam",""
"GM0174","4","Olst","Naamswijziging per 01-01-2003 nieuwe naam: Olst-Wijhe."
"GM0692","4","Oostburg","Opgeheven per 01-01-2003 over naar: Sluis."
"GM0835","4","Ravenstein","Opgeheven per 01-01-2003 over naar: Oss."
"GM1661","4","Reiderland",""
"GM0602","4","Rijnsburg",""
"GM0178","4","Rijssen","Naamswijziging per 01-01-2004 nieuwe naam: Rijssen-Holten."
"GM1670","4","Roggel en Neer",""
"GM0278","4","Ruurlo",""
"GM0704","4","Sas van Gent","Opgeheven per 01-01-2003 over naar: Terneuzen."
"GM0604","4","Sassenheim",""
"GM0039","4","Scheemda",""
"GM0607","4","Schipluiden","Opgeheven per 01-01-2004 over naar: Midden-Delfland."
"GM0964","4","Sevenum",""
"GM1698","4","Sluis-Aardenburg","Opgeheven per 01-01-2003 over naar: Sluis."
"GM0280","4","Steenderen",""
"GM0181","4","Steenwijk","Naamswijziging per 01-01-2003 nieuwe naam: Steenwijkerland."
"GM0974","4","Susteren","Opgeheven per 01-01-2003 over naar: Echt-Susteren."
"GM0975","4","Swalmen",""
"GM0977","4","Thorn",""
"GM0619","4","Valkenburg",""
"GM0454","4","Venhuizen",""
"GM0625","4","Voorhout",""
"GM0286","4","Vorden",""
"GM0186","4","Vriezenveen","Naamswijziging per 01-01-2003 nieuwe naam: Twenterand."
"GM0628","4","Warmond",""
"GM0291","4","Warnsveld",""
"GM0630","4","Wateringen","Opgeheven per 01-01-2004 over naar: Westland."
"GM0292","4","Wehl",""
"GM0558","4","Wester-Koggenland",""
"GM0052","4","Winschoten",""
"GM0295","4","Wisch",""
"GM0466","4","Wognum",""
"GM0298","4","Zelhem",""
"GM1666","4","Zevenhuizen-Moerkapelle",""
"GM0360","1","Akersloot",""
"WS89","1","Waterschapsbedrijf Limburg","Het Waterschapsbedrijf Limburg is een samenwerkingsverband (gemeenschappelijke regeling) van de Limburgse waterschappen Peel en Maasvallei en Roer en Overmaas."
